Time,Name,Aircraft,Instruction,InstructionTimeInSeconds
2012-05-13 06:00:01,IncheonGround,DLH718,AssignSpot(NonWork)->126,0
2012-05-13 06:00:02,SeoulApproach,ESR502,AssignSpot(NonWork)->128,0
2012-05-13 06:00:02,SeoulApproach,ESR502,Landing,11
2012-05-13 06:03:01,SeoulApproach,KAL684,AssignSpot(NonWork)->27,0
2012-05-13 06:03:01,SeoulApproach,KAL684,Landing,11
2012-05-13 06:03:31,SeoulApproach,ESR502,FreqencyChange,11
2012-05-13 06:03:31,IncheonTower2,ESR502,Landing,11
2012-05-13 06:04:01,SeoulApproach,AAR606,AssignSpot(NonWork)->36,0
2012-05-13 06:04:01,SeoulApproach,AAR606,Landing,11
2012-05-13 06:06:21,SeoulApproach,KAL684,FreqencyChange,11
2012-05-13 06:06:21,IncheonTower1,KAL684,Landing,11
2012-05-13 06:07:25,SeoulApproach,AAR606,FreqencyChange,11
2012-05-13 06:07:25,IncheonTower2,AAR606,Landing,11
2012-05-13 06:08:01,SeoulApproach,KAL690,AssignSpot(NonWork)->16,0
2012-05-13 06:08:01,SeoulApproach,KAL690,Landing,11
2012-05-13 06:09:01,SeoulApproach,THA658,AssignSpot(NonWork)->122,0
2012-05-13 06:09:01,SeoulApproach,THA658,Landing,11
2012-05-13 06:10:01,IncheonTower2,ESR502,Taxi,0
2012-05-13 06:11:01,SeoulApproach,KAL674,AssignSpot(NonWork)->15,0
2012-05-13 06:11:01,SeoulApproach,KAL674,Landing,11
2012-05-13 06:11:25,SeoulApproach,KAL690,FreqencyChange,11
2012-05-13 06:11:25,IncheonTower2,KAL690,Landing,11
2012-05-13 06:11:37,IncheonTower2,ESR502,Crossing,7
2012-05-13 06:12:01,SeoulApproach,HVN408,AssignSpot(NonWork)->112,0
2012-05-13 06:12:01,SeoulApproach,HVN408,Landing,11
2012-05-13 06:12:15,SeoulApproach,THA658,FreqencyChange,11
2012-05-13 06:12:15,IncheonTower1,THA658,Landing,11
2012-05-13 06:12:40,IncheonTower1,KAL684,Taxi,0
2012-05-13 06:13:49,IncheonTower2,AAR606,Taxi,0
2012-05-13 06:14:29,SeoulApproach,KAL674,FreqencyChange,11
2012-05-13 06:14:29,IncheonTower2,KAL674,Landing,11
2012-05-13 06:15:01,SeoulApproach,KAL632,AssignSpot(NonWork)->21,0
2012-05-13 06:15:01,SeoulApproach,KAL632,Landing,11
2012-05-13 06:15:08,IncheonTower2,AAR606,Crossing,7
2012-05-13 06:15:20,SeoulApproach,HVN408,FreqencyChange,11
2012-05-13 06:15:20,IncheonTower1,HVN408,Landing,11
2012-05-13 06:16:01,SeoulApproach,AAR736,AssignSpot(NonWork)->39,0
2012-05-13 06:16:01,SeoulApproach,AAR736,Landing,11
2012-05-13 06:16:55,IncheonGround,ESR502,Taxi,0
2012-05-13 06:16:55,IncheonTower2,ESR502,FreqencyChange,11
2012-05-13 06:17:50,IncheonTower2,KAL690,Taxi,0
2012-05-13 06:18:19,SeoulApproach,KAL632,FreqencyChange,11
2012-05-13 06:18:19,IncheonTower2,KAL632,Landing,11
2012-05-13 06:18:26,IncheonTower1,THA658,Taxi,0
2012-05-13 06:19:09,IncheonTower2,KAL690,Crossing,7
2012-05-13 06:19:10,SeoulApproach,AAR736,FreqencyChange,11
2012-05-13 06:19:10,IncheonTower1,AAR736,Landing,11
2012-05-13 06:19:36,IncheonGround,KAL684,Taxi,0
2012-05-13 06:19:36,IncheonTower1,KAL684,FreqencyChange,11
2012-05-13 06:20:01,SeoulApproach,AAR738,AssignSpot(NonWork)->42,0
2012-05-13 06:20:01,SeoulApproach,AAR738,Landing,11
2012-05-13 06:20:59,IncheonTower2,KAL674,Taxi,0
2012-05-13 06:21:39,IncheonTower1,HVN408,Taxi,0
2012-05-13 06:21:51,IncheonGround,AAR606,Taxi,0
2012-05-13 06:21:51,IncheonTower2,AAR606,FreqencyChange,11
2012-05-13 06:22:23,IncheonTower2,KAL674,Crossing,7
2012-05-13 06:23:01,SeoulApproach,AMU826,AssignSpot(NonWork)->129,0
2012-05-13 06:23:01,SeoulApproach,AMU826,Landing,11
2012-05-13 06:23:27,SeoulApproach,AAR738,FreqencyChange,11
2012-05-13 06:23:27,IncheonTower1,AAR738,Landing,11
2012-05-13 06:23:58,IncheonGround,THA658,Taxi,0
2012-05-13 06:23:58,IncheonTower1,THA658,FreqencyChange,11
2012-05-13 06:24:38,IncheonTower2,KAL632,Taxi,0
2012-05-13 06:25:01,SeoulApproach,THA654,AssignSpot(NonWork)->106,0
2012-05-13 06:25:01,SeoulApproach,THA654,Landing,11
2012-05-13 06:25:15,IncheonTower1,AAR736,Taxi,0
2012-05-13 06:25:52,IncheonGround,KAL690,Taxi,0
2012-05-13 06:25:52,IncheonTower2,KAL690,FreqencyChange,11
2012-05-13 06:26:01,SeoulApproach,KAL688,AssignSpot(NonWork)->9,0
2012-05-13 06:26:01,SeoulApproach,KAL688,Landing,11
2012-05-13 06:26:04,IncheonTower2,KAL632,Crossing,7
2012-05-13 06:26:36,SeoulApproach,AMU826,FreqencyChange,11
2012-05-13 06:26:36,IncheonTower1,AMU826,Landing,11
2012-05-13 06:27:16,IncheonGround,HVN408,Taxi,0
2012-05-13 06:27:16,IncheonTower1,HVN408,FreqencyChange,11
2012-05-13 06:27:24,SeoulApproach,THA656,AssignSpot(NonWork)->121,0
2012-05-13 06:27:24,SeoulApproach,THA656,Landing,11
2012-05-13 06:28:23,SeoulApproach,THA654,FreqencyChange,11
2012-05-13 06:28:23,IncheonTower2,THA654,Landing,11
2012-05-13 06:29:01,SeoulApproach,AAR742,AssignSpot(NonWork)->30,0
2012-05-13 06:29:01,SeoulApproach,AAR742,Landing,11
2012-05-13 06:29:06,IncheonGround,KAL674,Taxi,0
2012-05-13 06:29:06,IncheonTower2,KAL674,FreqencyChange,11
2012-05-13 06:29:19,SeoulApproach,KAL688,FreqencyChange,11
2012-05-13 06:29:19,IncheonTower1,KAL688,Landing,11
2012-05-13 06:29:52,IncheonTower1,AAR738,Taxi,0
2012-05-13 06:30:01,SeoulApproach,KAL628,AssignSpot(NonWork)->17,0
2012-05-13 06:30:01,SeoulApproach,KAL628,Landing,11
2012-05-13 06:30:01,IncheonGround,DLH718,Pushback,9
2012-05-13 06:30:39,SeoulApproach,THA656,FreqencyChange,11
2012-05-13 06:30:39,IncheonTower2,THA656,Landing,11
2012-05-13 06:32:00,IncheonGround,AAR736,Taxi,0
2012-05-13 06:32:00,IncheonTower1,AAR736,FreqencyChange,11
2012-05-13 06:32:01,SeoulApproach,MAS066,AssignSpot(NonWork)->107,0
2012-05-13 06:32:01,SeoulApproach,MAS066,Landing,11
2012-05-13 06:32:20,SeoulApproach,AAR742,FreqencyChange,11
2012-05-13 06:32:20,IncheonTower1,AAR742,Landing,11
2012-05-13 06:32:47,IncheonGround,KAL632,Taxi,0
2012-05-13 06:32:47,IncheonTower2,KAL632,FreqencyChange,11
2012-05-13 06:33:09,SeoulApproach,KAL628,FreqencyChange,11
2012-05-13 06:33:09,IncheonTower2,KAL628,Landing,11
2012-05-13 06:33:11,IncheonTower1,AMU826,Taxi,0
2012-05-13 06:34:01,SeoulApproach,AAR740,AssignSpot(NonWork)->38,0
2012-05-13 06:34:01,SeoulApproach,AAR740,Landing,11
2012-05-13 06:34:47,IncheonTower2,THA654,Taxi,0
2012-05-13 06:35:12,IncheonGround,DLH718,Taxi,0
2012-05-13 06:35:27,SeoulApproach,MAS066,FreqencyChange,11
2012-05-13 06:35:27,IncheonTower1,MAS066,Landing,11
2012-05-13 06:35:34,IncheonTower1,KAL688,Taxi,0
2012-05-13 06:36:06,IncheonTower2,THA654,Crossing,7
2012-05-13 06:36:41,IncheonGround,AAR738,Taxi,0
2012-05-13 06:36:41,IncheonTower1,AAR738,FreqencyChange,11
2012-05-13 06:36:55,IncheonTower2,THA656,Taxi,0
2012-05-13 06:37:14,SeoulApproach,AAR740,FreqencyChange,11
2012-05-13 06:37:14,IncheonTower2,AAR740,Landing,11
2012-05-13 06:38:01,SeoulApproach,KAL668,AssignSpot(NonWork)->20,0
2012-05-13 06:38:01,SeoulApproach,KAL668,Landing,11
2012-05-13 06:38:11,IncheonTower2,THA656,Crossing,7
2012-05-13 06:38:40,IncheonTower1,AAR742,Taxi,0
2012-05-13 06:39:14,IncheonTower2,KAL628,Taxi,0
2012-05-13 06:40:04,IncheonGround,AMU826,Taxi,0
2012-05-13 06:40:04,IncheonTower1,AMU826,FreqencyChange,11
2012-05-13 06:40:24,IncheonTower2,KAL628,Crossing,7
2012-05-13 06:41:13,SeoulApproach,KAL668,FreqencyChange,11
2012-05-13 06:41:13,IncheonTower2,KAL668,Landing,11
2012-05-13 06:41:26,IncheonGround,THA654,Taxi,0
2012-05-13 06:41:26,IncheonTower2,THA654,FreqencyChange,11
2012-05-13 06:41:54,IncheonGround,DLH718,FreqencyChange,11
2012-05-13 06:41:54,IncheonTower1,MAS066,Taxi,0
2012-05-13 06:42:15,IncheonTower2,DLH718,Lineup,9
2012-05-13 06:42:33,IncheonGround,KAL688,Taxi,0
2012-05-13 06:42:33,IncheonTower1,KAL688,FreqencyChange,11
2012-05-13 06:42:55,IncheonTower2,DLH718,Takeoff,11
2012-05-13 06:43:25,IncheonTower2,AAR740,Taxi,0
2012-05-13 06:44:40,IncheonTower2,AAR740,Crossing,7
2012-05-13 06:44:48,IncheonGround,THA656,Taxi,0
2012-05-13 06:44:48,IncheonTower2,THA656,FreqencyChange,11
2012-05-13 06:45:25,IncheonTower2,DLH718,FreqencyChange,11
2012-05-13 06:45:35,IncheonGround,AAR742,Taxi,0
2012-05-13 06:45:35,IncheonTower1,AAR742,FreqencyChange,11
2012-05-13 06:46:01,SeoulApproach,KAL654,AssignSpot(NonWork)->10,0
2012-05-13 06:46:01,SeoulApproach,KAL654,Landing,11
2012-05-13 06:47:23,IncheonTower2,KAL668,Taxi,0
2012-05-13 06:47:26,IncheonGround,KAL628,Taxi,0
2012-05-13 06:47:26,IncheonTower2,KAL628,FreqencyChange,11
2012-05-13 06:48:30,IncheonGround,MAS066,Taxi,0
2012-05-13 06:48:30,IncheonTower1,MAS066,FreqencyChange,11
2012-05-13 06:48:37,IncheonTower2,KAL668,Crossing,7
2012-05-13 06:49:01,SeoulApproach,KAL112,AssignSpot(NonWork)->19,0
2012-05-13 06:49:01,SeoulApproach,KAL112,Landing,11
2012-05-13 06:49:11,SeoulApproach,KAL654,FreqencyChange,11
2012-05-13 06:49:11,IncheonTower2,KAL654,Landing,11
2012-05-13 06:51:23,IncheonGround,AAR740,Taxi,0
2012-05-13 06:51:23,IncheonTower2,AAR740,FreqencyChange,11
2012-05-13 06:52:08,SeoulApproach,KAL112,FreqencyChange,11
2012-05-13 06:52:08,IncheonTower2,KAL112,Landing,11
2012-05-13 06:53:00,IncheonGround,CEB191,AssignSpot(NonWork)->119,0
2012-05-13 06:55:19,IncheonTower2,KAL654,Taxi,0
2012-05-13 06:55:20,IncheonGround,KAL668,Taxi,0
2012-05-13 06:55:20,IncheonTower2,KAL668,FreqencyChange,11
2012-05-13 06:56:24,IncheonTower2,KAL654,Crossing,7
2012-05-13 06:57:59,IncheonGround,AAR8531,AssignSpot(NonWork)->2,0
2012-05-13 06:58:11,IncheonTower2,KAL112,Taxi,0
2012-05-13 07:01:09,IncheonTower2,KAL112,Crossing,7
2012-05-13 07:02:01,SeoulApproach,AFR264,AssignSpot(NonWork)->110,0
2012-05-13 07:02:01,SeoulApproach,AFR264,Landing,11
2012-05-13 07:03:07,IncheonGround,KAL654,Taxi,0
2012-05-13 07:03:07,IncheonTower2,KAL654,FreqencyChange,11
2012-05-13 07:05:01,SeoulApproach,BCC868,AssignSpot(NonWork)->132,0
2012-05-13 07:05:01,SeoulApproach,BCC868,Landing,11
2012-05-13 07:05:04,SeoulApproach,AFR264,FreqencyChange,11
2012-05-13 07:05:04,IncheonTower2,AFR264,Landing,11
2012-05-13 07:07:52,IncheonGround,KAL112,Taxi,0
2012-05-13 07:07:52,IncheonTower2,KAL112,FreqencyChange,11
2012-05-13 07:08:20,SeoulApproach,BCC868,FreqencyChange,11
2012-05-13 07:08:20,IncheonTower2,BCC868,Landing,11
2012-05-13 07:11:04,IncheonTower2,AFR264,Taxi,0
2012-05-13 07:13:57,IncheonTower2,AFR264,Crossing,7
2012-05-13 07:14:40,IncheonTower2,BCC868,Taxi,0
2012-05-13 07:15:01,SeoulApproach,JJA2202,AssignSpot(NonWork)->118,0
2012-05-13 07:15:01,SeoulApproach,JJA2202,Landing,11
2012-05-13 07:16:00,IncheonTower2,BCC868,Crossing,7
2012-05-13 07:18:32,SeoulApproach,JJA2202,FreqencyChange,11
2012-05-13 07:18:32,IncheonTower2,JJA2202,Landing,11
2012-05-13 07:19:16,IncheonGround,AFR264,Taxi,0
2012-05-13 07:19:16,IncheonTower2,AFR264,FreqencyChange,11
2012-05-13 07:22:38,IncheonGround,BCC868,Taxi,0
2012-05-13 07:22:38,IncheonTower2,BCC868,FreqencyChange,11
2012-05-13 07:23:01,SeoulApproach,SIA608,AssignSpot(NonWork)->123,0
2012-05-13 07:23:01,SeoulApproach,SIA608,Landing,11
2012-05-13 07:23:01,IncheonGround,CEB191,Pushback,9
2012-05-13 07:25:05,IncheonTower2,JJA2202,Taxi,0
2012-05-13 07:25:59,IncheonGround,JAL950,AssignSpot(NonWork)->115,0
2012-05-13 07:26:00,IncheonGround,KAL621,AssignSpot(NonWork)->12,0
2012-05-13 07:26:26,SeoulApproach,SIA608,FreqencyChange,11
2012-05-13 07:26:26,IncheonTower2,SIA608,Landing,11
2012-05-13 07:26:57,IncheonTower2,JJA2202,Crossing,7
2012-05-13 07:26:59,IncheonGround,AMU825,AssignSpot(NonWork)->129,0
2012-05-13 07:27:01,SeoulApproach,JJA2702,AssignSpot(NonWork)->34,0
2012-05-13 07:27:01,SeoulApproach,JJA2702,Landing,11
2012-05-13 07:27:57,IncheonGround,CEB191,Taxi,0
2012-05-13 07:27:59,IncheonGround,PAL467,AssignSpot(NonWork)->113,0
2012-05-13 07:28:01,IncheonGround,AAR8531,Pushback,9
2012-05-13 07:30:25,SeoulApproach,JJA2702,FreqencyChange,11
2012-05-13 07:30:25,IncheonTower2,JJA2702,Landing,11
2012-05-13 07:30:59,IncheonGround,KAL787,AssignSpot(NonWork)->24,0
2012-05-13 07:31:57,IncheonGround,CEB191,FreqencyChange,11
2012-05-13 07:32:16,IncheonGround,JJA2202,Taxi,0
2012-05-13 07:32:16,IncheonTower2,JJA2202,FreqencyChange,11
2012-05-13 07:32:28,IncheonTower2,CEB191,Lineup,9
2012-05-13 07:32:55,IncheonTower2,SIA608,Taxi,0
2012-05-13 07:32:58,IncheonGround,AAR8531,Taxi,0
2012-05-13 07:32:59,IncheonGround,KAL831,AssignSpot(NonWork)->6,0
2012-05-13 07:32:59,IncheonGround,KAL845,AssignSpot(NonWork)->28,0
2012-05-13 07:33:17,IncheonTower2,CEB191,Takeoff,11
2012-05-13 07:34:21,IncheonTower2,SIA608,Crossing,7
2012-05-13 07:35:04,IncheonGround,AAR8531,FreqencyChange,11
2012-05-13 07:35:25,IncheonTower2,AAR8531,Lineup,9
2012-05-13 07:36:00,IncheonTower2,CEB191,FreqencyChange,11
2012-05-13 07:36:12,IncheonTower2,AAR8531,Takeoff,11
2012-05-13 07:36:50,IncheonTower2,JJA2702,Taxi,0
2012-05-13 07:36:59,IncheonGround,CSN316,AssignSpot(NonWork)->103,0
2012-05-13 07:37:01,SeoulApproach,FIN041,AssignSpot(NonWork)->126,0
2012-05-13 07:37:01,SeoulApproach,FIN041,Landing,11
2012-05-13 07:38:10,IncheonTower2,JJA2702,Crossing,7
2012-05-13 07:38:49,IncheonTower2,AAR8531,FreqencyChange,11
2012-05-13 07:40:01,SeoulApproach,KAL1412,AssignSpot(NonWork)->2,0
2012-05-13 07:40:01,SeoulApproach,KAL1412,Landing,11
2012-05-13 07:40:24,SeoulApproach,FIN041,FreqencyChange,11
2012-05-13 07:40:24,IncheonTower2,FIN041,Landing,11
2012-05-13 07:40:52,IncheonGround,SIA608,Taxi,0
2012-05-13 07:40:52,IncheonTower2,SIA608,FreqencyChange,11
2012-05-13 07:43:21,SeoulApproach,KAL1412,FreqencyChange,11
2012-05-13 07:43:21,IncheonTower2,KAL1412,Landing,11
2012-05-13 07:43:59,IncheonGround,AAR701,AssignSpot(NonWork)->46,0
2012-05-13 07:43:59,IncheonGround,EZD039,AssignSpot(NonWork)->117,0
2012-05-13 07:44:53,IncheonGround,JJA2702,Taxi,0
2012-05-13 07:44:53,IncheonTower2,JJA2702,FreqencyChange,11
2012-05-13 07:46:50,IncheonTower2,FIN041,Taxi,0
2012-05-13 07:47:59,IncheonGround,THA655,AssignSpot(NonWork)->106,0
2012-05-13 07:48:00,IncheonGround,KAL603,AssignSpot(NonWork)->27,0
2012-05-13 07:48:03,IncheonTower2,FIN041,Crossing,7
2012-05-13 07:48:59,IncheonGround,CES2044,AssignSpot(NonWork)->131,0
2012-05-13 07:48:59,IncheonGround,KAL643,AssignSpot(NonWork)->19,0
2012-05-13 07:49:41,IncheonTower2,KAL1412,Taxi,0
2012-05-13 07:50:56,IncheonTower2,KAL1412,Crossing,7
2012-05-13 07:53:01,SeoulApproach,KAL114,AssignSpot(NonWork)->17,0
2012-05-13 07:53:01,SeoulApproach,KAL114,Landing,11
2012-05-13 07:53:22,IncheonGround,FIN041,Taxi,0
2012-05-13 07:53:22,IncheonTower2,FIN041,FreqencyChange,11
2012-05-13 07:56:01,IncheonGround,KAL621,Pushback,9
2012-05-13 07:56:11,IncheonGround,JAL950,Pushback,9
2012-05-13 07:56:12,SeoulApproach,KAL114,FreqencyChange,11
2012-05-13 07:56:12,IncheonTower2,KAL114,Landing,11
2012-05-13 07:57:01,IncheonGround,AMU825,Pushback,9
2012-05-13 07:57:59,IncheonGround,KAL1401,AssignSpot(NonWork)->1,0
2012-05-13 07:58:32,IncheonGround,KAL1412,Taxi,0
2012-05-13 07:58:32,IncheonTower2,KAL1412,FreqencyChange,11
2012-05-13 08:00:01,SeoulApproach,KAL1402,AssignSpot(NonWork)->228,0
2012-05-13 08:00:01,SeoulApproach,KAL1402,Landing,11
2012-05-13 08:00:54,IncheonGround,KAL621,Taxi,0
2012-05-13 08:01:07,IncheonGround,JAL950,Taxi,0
2012-05-13 08:01:09,IncheonGround,PAL467,Pushback,9
2012-05-13 08:02:09,IncheonGround,KAL621,FreqencyChange,11
2012-05-13 08:02:15,IncheonGround,AMU825,Taxi,0
2012-05-13 08:02:17,IncheonGround,KAL787,Pushback,9
2012-05-13 08:02:19,IncheonTower2,KAL114,Taxi,0
2012-05-13 08:02:29,IncheonTower2,KAL621,Lineup,9
2012-05-13 08:02:55,IncheonGround,JAL950,FreqencyChange,11
2012-05-13 08:03:07,IncheonGround,KAL831,Pushback,9
2012-05-13 08:03:12,IncheonTower2,KAL621,Takeoff,11
2012-05-13 08:03:24,SeoulApproach,KAL1402,FreqencyChange,11
2012-05-13 08:03:24,IncheonTower2,KAL1402,Landing,11
2012-05-13 08:03:59,IncheonGround,KAL1413,AssignSpot(NonWork)->3,0
2012-05-13 08:04:00,IncheonGround,ESR601,AssignSpot(NonWork)->127,0
2012-05-13 08:04:00,IncheonGround,AAR357,AssignSpot(NonWork)->30,0
2012-05-13 08:04:01,SeoulApproach,GIA870,AssignSpot(NonWork)->108,0
2012-05-13 08:04:01,SeoulApproach,GIA870,Landing,11
2012-05-13 08:04:11,IncheonTower2,KAL114,Crossing,7
2012-05-13 08:04:54,IncheonGround,AMU825,FreqencyChange,11
2012-05-13 08:04:59,IncheonTower2,JAL950,Lineup,9
2012-05-13 08:04:59,IncheonGround,ESR611,AssignSpot(NonWork)->128,0
2012-05-13 08:05:38,IncheonTower2,JAL950,Takeoff,11
2012-05-13 08:05:42,IncheonTower2,KAL621,FreqencyChange,11
2012-05-13 08:05:54,IncheonGround,PAL467,Taxi,0
2012-05-13 08:05:59,IncheonGround,AAR731,AssignSpot(NonWork)->38,0
2012-05-13 08:06:59,IncheonTower2,AMU825,Lineup,9
2012-05-13 08:06:59,IncheonGround,KAL779,AssignSpot(NonWork)->9,0
2012-05-13 08:07:00,IncheonGround,CCA134,AssignSpot(NonWork)->102,0
2012-05-13 08:07:00,IncheonGround,AAR369,AssignSpot(NonWork)->43,0
2012-05-13 08:07:01,SeoulApproach,KAL642,AssignSpot(NonWork)->205,0
2012-05-13 08:07:01,SeoulApproach,KAL642,Landing,11
2012-05-13 08:07:18,IncheonGround,CSN316,Pushback,9
2012-05-13 08:07:18,IncheonGround,KAL787,Taxi,0
2012-05-13 08:07:19,IncheonGround,KAL845,Pushback,9
2012-05-13 08:07:26,SeoulApproach,GIA870,FreqencyChange,11
2012-05-13 08:07:26,IncheonTower2,GIA870,Landing,11
2012-05-13 08:07:49,IncheonTower2,AMU825,Takeoff,11
2012-05-13 08:07:50,IncheonGround,KAL831,Taxi,0
2012-05-13 08:08:16,IncheonTower2,JAL950,FreqencyChange,11
2012-05-13 08:09:01,IncheonGround,KAL831,FreqencyChange,11
2012-05-13 08:09:02,IncheonGround,PAL467,FreqencyChange,11
2012-05-13 08:09:22,IncheonTower2,KAL831,Lineup,9
2012-05-13 08:09:47,IncheonTower2,KAL1402,Taxi,0
2012-05-13 08:10:13,IncheonTower2,KAL831,Takeoff,11
2012-05-13 08:10:15,SeoulApproach,KAL642,FreqencyChange,11
2012-05-13 08:10:24,IncheonTower2,AMU825,FreqencyChange,11
2012-05-13 08:10:27,IncheonGround,KAL787,FreqencyChange,11
2012-05-13 08:10:55,IncheonTower2,PAL467,Lineup,9
2012-05-13 08:10:59,IncheonGround,AAR331,AssignSpot(NonWork)->50,0
2012-05-13 08:11:01,SeoulApproach,GIA878,AssignSpot(NonWork)->109,0
2012-05-13 08:11:01,SeoulApproach,GIA878,Landing,11
2012-05-13 08:11:54,IncheonGround,KAL114,Taxi,0
2012-05-13 08:11:54,IncheonTower2,KAL114,FreqencyChange,11
2012-05-13 08:12:29,IncheonGround,KAL845,Taxi,0
2012-05-13 08:12:48,IncheonTower2,KAL831,FreqencyChange,11
2012-05-13 08:13:05,IncheonTower2,PAL467,Takeoff,11
2012-05-13 08:13:13,IncheonGround,CSN316,Taxi,0
2012-05-13 08:13:48,IncheonTower2,KAL787,Lineup,9
2012-05-13 08:13:53,IncheonTower2,GIA870,Taxi,0
2012-05-13 08:13:59,IncheonGround,KAL893,AssignSpot(NonWork)->8,0
2012-05-13 08:14:01,SeoulApproach,KAL638,AssignSpot(NonWork)->24,0
2012-05-13 08:14:01,SeoulApproach,KAL638,Landing,11
2012-05-13 08:14:01,IncheonGround,EZD039,Pushback,9
2012-05-13 08:14:10,IncheonGround,AAR701,Pushback,9
2012-05-13 08:14:25,SeoulApproach,GIA878,FreqencyChange,11
2012-05-13 08:14:25,IncheonTower2,GIA878,Landing,11
2012-05-13 08:15:36,IncheonTower2,KAL787,Takeoff,11
2012-05-13 08:15:42,IncheonTower2,PAL467,FreqencyChange,11
2012-05-13 08:15:58,IncheonGround,CSN316,FreqencyChange,11
2012-05-13 08:15:59,IncheonGround,KAL845,FreqencyChange,11
2012-05-13 08:16:19,IncheonTower2,CSN316,Lineup,9
2012-05-13 08:16:29,IncheonTower2,KAL642,Taxi,0
2012-05-13 08:17:01,SeoulApproach,TWB102,AssignSpot(NonWork)->103,0
2012-05-13 08:17:01,SeoulApproach,TWB102,Landing,11
2012-05-13 08:17:28,SeoulApproach,KAL638,FreqencyChange,11
2012-05-13 08:17:28,IncheonTower2,KAL638,Landing,11
2012-05-13 08:17:47,IncheonTower2,CSN316,Takeoff,11
2012-05-13 08:17:59,IncheonGround,CPA415,AssignSpot(NonWork)->124,0
2012-05-13 08:18:01,IncheonGround,KAL603,Pushback,9
2012-05-13 08:18:11,IncheonGround,THA655,Pushback,9
2012-05-13 08:18:15,IncheonTower2,KAL787,FreqencyChange,11
2012-05-13 08:18:32,IncheonTower2,KAL845,Lineup,9
2012-05-13 08:18:58,IncheonGround,EZD039,Taxi,0
2012-05-13 08:18:59,IncheonGround,CES5052,AssignSpot(NonWork)->130,0
2012-05-13 08:19:01,IncheonGround,CES2044,Pushback,9
2012-05-13 08:19:11,IncheonGround,KAL643,Pushback,9
2012-05-13 08:19:31,IncheonGround,AAR701,Taxi,0
2012-05-13 08:20:01,SeoulApproach,KAL720,AssignSpot(NonWork)->6,0
2012-05-13 08:20:01,SeoulApproach,KAL720,Landing,11
2012-05-13 08:20:03,IncheonTower2,KAL845,Takeoff,11
2012-05-13 08:20:22,IncheonGround,AAR701,FreqencyChange,11
2012-05-13 08:20:28,SeoulApproach,TWB102,FreqencyChange,11
2012-05-13 08:20:28,IncheonTower2,TWB102,Landing,11
2012-05-13 08:20:30,IncheonTower2,CSN316,FreqencyChange,11
2012-05-13 08:20:42,IncheonTower1,AAR701,Lineup,9
2012-05-13 08:20:51,IncheonTower2,GIA878,Taxi,0
2012-05-13 08:21:00,IncheonGround,EZD039,FreqencyChange,11
2012-05-13 08:21:11,IncheonTower2,KAL1402,Crossing,7
2012-05-13 08:21:22,IncheonTower1,AAR701,Takeoff,11
2012-05-13 08:21:43,IncheonTower2,GIA870,Crossing,7
2012-05-13 08:21:59,IncheonGround,KAL827,AssignSpot(NonWork)->11,0
2012-05-13 08:21:59,IncheonGround,AAR122,AssignSpot(NonWork)->40,0
2012-05-13 08:21:59,IncheonGround,AAR603,AssignSpot(NonWork)->49,0
2012-05-13 08:22:37,IncheonTower2,KAL642,Crossing,7
2012-05-13 08:22:47,IncheonTower2,KAL845,FreqencyChange,11
2012-05-13 08:23:09,IncheonTower1,EZD039,Lineup,9
2012-05-13 08:23:22,IncheonGround,THA655,Taxi,0
2012-05-13 08:23:24,IncheonTower2,GIA878,Crossing,7
2012-05-13 08:23:26,SeoulApproach,KAL720,FreqencyChange,11
2012-05-13 08:23:27,IncheonGround,KAL603,Taxi,0
2012-05-13 08:23:44,IncheonTower1,EZD039,Takeoff,11
2012-05-13 08:23:49,IncheonGround,CES2044,Taxi,0
2012-05-13 08:23:55,IncheonTower1,AAR701,FreqencyChange,11
2012-05-13 08:23:57,IncheonTower2,KAL638,Taxi,0
2012-05-13 08:24:20,IncheonGround,KAL643,Taxi,0
2012-05-13 08:25:11,IncheonTower2,KAL638,Crossing,7
2012-05-13 08:25:12,IncheonGround,KAL1402,Taxi,0
2012-05-13 08:25:12,IncheonTower2,KAL1402,FreqencyChange,11
2012-05-13 08:26:12,IncheonGround,CES2044,FreqencyChange,11
2012-05-13 08:26:19,IncheonTower1,EZD039,FreqencyChange,11
2012-05-13 08:26:31,IncheonTower1,CES2044,Lineup,9
2012-05-13 08:26:56,IncheonTower2,TWB102,Taxi,0
2012-05-13 08:26:59,IncheonGround,KAL819,AssignSpot(NonWork)->26,0
2012-05-13 08:27:07,IncheonTower1,CES2044,Takeoff,11
2012-05-13 08:27:51,IncheonGround,GIA870,Taxi,0
2012-05-13 08:27:51,IncheonTower2,GIA870,FreqencyChange,11
2012-05-13 08:28:01,IncheonGround,KAL1401,Pushback,9
2012-05-13 08:28:19,IncheonTower2,TWB102,Crossing,7
2012-05-13 08:28:57,IncheonGround,KAL603,FreqencyChange,11
2012-05-13 08:28:59,IncheonGround,JJA1302,AssignSpot(NonWork)->118,0
2012-05-13 08:28:59,IncheonGround,KAL723,AssignSpot(NonWork)->14,0
2012-05-13 08:28:59,IncheonGround,AAR102,AssignSpot(NonWork)->33,0
2012-05-13 08:29:15,IncheonGround,KAL642,Taxi,0
2012-05-13 08:29:15,IncheonTower2,KAL642,FreqencyChange,11
2012-05-13 08:29:29,IncheonTower1,KAL603,FreqencyChange,11
2012-05-13 08:29:40,IncheonTower1,CES2044,FreqencyChange,11
2012-05-13 08:29:54,IncheonTower2,KAL720,Taxi,0
2012-05-13 08:29:55,IncheonGround,THA655,FreqencyChange,11
2012-05-13 08:29:56,IncheonGround,KAL643,FreqencyChange,11
2012-05-13 08:30:01,SeoulApproach,KAL660,AssignSpot(NonWork)->28,0
2012-05-13 08:30:01,SeoulApproach,KAL660,Landing,11
2012-05-13 08:30:15,IncheonTower1,THA655,Lineup,9
2012-05-13 08:30:54,IncheonTower1,THA655,Takeoff,11
2012-05-13 08:30:59,IncheonGround,SIA607,AssignSpot(NonWork)->123,0
2012-05-13 08:31:08,IncheonTower2,KAL720,Crossing,7
2012-05-13 08:31:47,IncheonGround,GIA878,Taxi,0
2012-05-13 08:31:47,IncheonTower2,GIA878,FreqencyChange,11
2012-05-13 08:31:59,IncheonGround,AAR317,AssignSpot(NonWork)->42,0
2012-05-13 08:32:29,IncheonTower1,KAL643,Lineup,9
2012-05-13 08:32:59,IncheonGround,AAR128,AssignSpot(NonWork)->36,0
2012-05-13 08:32:59,IncheonGround,AAR721,AssignSpot(NonWork)->47,0
2012-05-13 08:33:12,IncheonTower1,KAL643,Takeoff,11
2012-05-13 08:33:18,SeoulApproach,KAL660,FreqencyChange,11
2012-05-13 08:33:18,IncheonTower2,KAL660,Landing,11
2012-05-13 08:33:23,IncheonGround,KAL638,Taxi,0
2012-05-13 08:33:23,IncheonTower2,KAL638,FreqencyChange,11
2012-05-13 08:33:28,IncheonTower1,THA655,FreqencyChange,11
2012-05-13 08:34:00,IncheonGround,KAL865,AssignSpot(NonWork)->21,0
2012-05-13 08:34:01,IncheonGround,AAR357,Pushback,9
2012-05-13 08:34:10,IncheonGround,ESR601,Pushback,9
2012-05-13 08:35:01,IncheonGround,ESR611,Pushback,9
2012-05-13 08:35:10,IncheonGround,TWB102,Taxi,0
2012-05-13 08:35:10,IncheonTower2,TWB102,FreqencyChange,11
2012-05-13 08:35:44,IncheonTower1,KAL643,FreqencyChange,11
2012-05-13 08:35:59,IncheonGround,KAL701,AssignSpot(NonWork)->23,0
2012-05-13 08:36:01,IncheonGround,AAR731,Pushback,9
2012-05-13 08:37:01,IncheonGround,KAL779,Pushback,9
2012-05-13 08:37:10,IncheonGround,CCA134,Pushback,9
2012-05-13 08:37:20,IncheonGround,AAR369,Pushback,9
2012-05-13 08:37:59,IncheonGround,KAL775,AssignSpot(NonWork)->12,0
2012-05-13 08:38:10,IncheonGround,KAL603,FreqencyChange,11
2012-05-13 08:38:30,IncheonTower1,KAL603,Lineup,9
2012-05-13 08:38:44,IncheonGround,KAL720,Taxi,0
2012-05-13 08:38:44,IncheonTower2,KAL720,FreqencyChange,11
2012-05-13 08:39:03,IncheonGround,ESR601,Taxi,0
2012-05-13 08:39:11,IncheonTower1,KAL603,Takeoff,11
2012-05-13 08:39:12,IncheonGround,AAR357,Taxi,0
2012-05-13 08:39:37,IncheonTower2,KAL660,Taxi,0
2012-05-13 08:40:32,IncheonGround,ESR611,Taxi,0
2012-05-13 08:40:51,IncheonTower2,KAL660,Crossing,7
2012-05-13 08:41:01,IncheonGround,AAR331,Pushback,9
2012-05-13 08:41:11,IncheonGround,AAR731,Taxi,0
2012-05-13 08:41:43,IncheonTower1,KAL603,FreqencyChange,11
2012-05-13 08:41:56,IncheonGround,CCA134,Taxi,0
2012-05-13 08:42:02,IncheonGround,AAR369,Taxi,0
2012-05-13 08:42:04,IncheonGround,KAL779,Taxi,0
2012-05-13 08:43:41,IncheonGround,AAR369,FreqencyChange,11
2012-05-13 08:43:42,IncheonGround,AAR731,FreqencyChange,11
2012-05-13 08:43:50,IncheonGround,AAR357,FreqencyChange,11
2012-05-13 08:43:59,IncheonGround,JNA201,AssignSpot(NonWork)->18,0
2012-05-13 08:44:00,IncheonGround,ESR601,FreqencyChange,11
2012-05-13 08:44:02,IncheonTower1,AAR369,Lineup,9
2012-05-13 08:44:11,IncheonGround,KAL893,Pushback,9
2012-05-13 08:44:20,IncheonTower2,ESR601,Lineup,9
2012-05-13 08:44:41,IncheonTower1,AAR369,Takeoff,11
2012-05-13 08:44:55,IncheonTower2,ESR601,Takeoff,11
2012-05-13 08:45:59,IncheonGround,AAR172,AssignSpot(NonWork)->32,0
2012-05-13 08:46:15,IncheonTower1,AAR731,Lineup,9
2012-05-13 08:46:52,IncheonTower1,AAR731,Takeoff,11
2012-05-13 08:46:57,IncheonGround,CCA134,FreqencyChange,11
2012-05-13 08:47:02,IncheonGround,AAR331,Taxi,0
2012-05-13 08:47:18,IncheonTower1,AAR369,FreqencyChange,11
2012-05-13 08:47:21,IncheonGround,ESR611,FreqencyChange,11
2012-05-13 08:47:24,IncheonTower2,ESR601,FreqencyChange,11
2012-05-13 08:47:40,IncheonTower2,ESR611,Lineup,9
2012-05-13 08:47:47,IncheonTower1,AAR357,Lineup,9
2012-05-13 08:47:59,IncheonGround,CPA421,AssignSpot(NonWork)->125,0
2012-05-13 08:48:01,IncheonGround,CPA415,Pushback,9
2012-05-13 08:48:08,IncheonGround,KAL779,FreqencyChange,11
2012-05-13 08:48:15,IncheonTower2,ESR611,Takeoff,11
2012-05-13 08:48:39,IncheonGround,AAR331,FreqencyChange,11
2012-05-13 08:48:45,IncheonGround,KAL660,Taxi,0
2012-05-13 08:48:45,IncheonTower2,KAL660,FreqencyChange,11
2012-05-13 08:48:51,IncheonGround,KAL893,Taxi,0
2012-05-13 08:49:01,IncheonGround,CES5052,Pushback,9
2012-05-13 08:49:03,IncheonTower1,AAR357,Takeoff,11
2012-05-13 08:49:22,IncheonTower1,AAR731,FreqencyChange,11
2012-05-13 08:49:49,IncheonTower1,AAR331,Lineup,9
2012-05-13 08:50:25,IncheonTower2,KAL779,Lineup,9
2012-05-13 08:50:50,IncheonTower2,ESR611,FreqencyChange,11
2012-05-13 08:51:02,IncheonTower2,KAL779,Takeoff,11
2012-05-13 08:51:14,IncheonTower1,AAR331,Takeoff,11
2012-05-13 08:51:44,IncheonTower1,AAR357,FreqencyChange,11
2012-05-13 08:51:56,IncheonTower1,CCA134,Lineup,9
2012-05-13 08:52:01,IncheonGround,AAR603,Pushback,9
2012-05-13 08:52:10,IncheonGround,KAL827,Pushback,9
2012-05-13 08:52:19,IncheonGround,AAR122,Pushback,9
2012-05-13 08:52:59,IncheonGround,JNA011,AssignSpot(NonWork)->114,0
2012-05-13 08:53:14,IncheonGround,CPA415,Taxi,0
2012-05-13 08:53:25,IncheonTower1,CCA134,Takeoff,11
2012-05-13 08:53:40,IncheonTower2,KAL779,FreqencyChange,11
2012-05-13 08:53:48,IncheonTower1,AAR331,FreqencyChange,11
2012-05-13 08:54:11,IncheonGround,CES5052,Taxi,0
2012-05-13 08:55:59,IncheonGround,AAR351,AssignSpot(NonWork)->41,0
2012-05-13 08:56:07,IncheonTower1,CCA134,FreqencyChange,11
2012-05-13 08:56:31,IncheonGround,KAL893,FreqencyChange,11
2012-05-13 08:56:32,IncheonGround,CPA415,FreqencyChange,11
2012-05-13 08:56:35,IncheonGround,KAL827,Taxi,0
2012-05-13 08:56:40,IncheonGround,AAR603,Taxi,0
2012-05-13 08:56:51,IncheonTower1,KAL893,Lineup,9
2012-05-13 08:57:01,IncheonGround,KAL819,Pushback,9
2012-05-13 08:57:26,IncheonGround,AAR122,Taxi,0
2012-05-13 08:57:31,IncheonTower1,KAL893,Takeoff,11
2012-05-13 08:57:51,IncheonGround,KAL805,AssignSpot(NonWork)->16,0
2012-05-13 08:57:59,IncheonGround,AAR361,AssignSpot(NonWork)->48,0
2012-05-13 08:58:41,IncheonTower1,CPA415,Lineup,9
2012-05-13 08:59:01,SeoulApproach,AAR748,AssignSpot(NonWork)->38,0
2012-05-13 08:59:01,SeoulApproach,AAR748,Landing,11
2012-05-13 08:59:01,IncheonGround,KAL723,Pushback,9
2012-05-13 08:59:10,IncheonGround,JJA1302,Pushback,9
2012-05-13 08:59:19,IncheonGround,AAR102,Pushback,9
2012-05-13 08:59:42,IncheonTower1,CPA415,Takeoff,11
2012-05-13 08:59:59,IncheonGround,AFR267,AssignSpot(NonWork)->110,0
2012-05-13 09:00:01,IncheonTower1,KAL893,FreqencyChange,11
2012-05-13 09:01:01,IncheonGround,SIA607,Pushback,9
2012-05-13 09:02:00,IncheonGround,THA659,AssignSpot(NonWork)->122,0
2012-05-13 09:02:00,IncheonGround,AAR132,AssignSpot(NonWork)->39,0
2012-05-13 09:02:01,IncheonGround,AAR317,Pushback,9
2012-05-13 09:02:09,SeoulApproach,AAR748,FreqencyChange,11
2012-05-13 09:02:09,IncheonTower2,AAR748,Landing,11
2012-05-13 09:02:11,IncheonGround,KAL819,Taxi,0
2012-05-13 09:02:19,IncheonTower1,CPA415,FreqencyChange,11
2012-05-13 09:02:38,IncheonGround,CES5052,FreqencyChange,11
2012-05-13 09:02:39,IncheonGround,KAL827,FreqencyChange,11
2012-05-13 09:02:58,IncheonTower1,CES5052,Lineup,9
2012-05-13 09:03:01,IncheonGround,AAR128,Pushback,9
2012-05-13 09:03:11,IncheonGround,AAR721,Pushback,9
2012-05-13 09:03:38,IncheonTower1,CES5052,Takeoff,11
2012-05-13 09:04:01,IncheonGround,KAL865,Pushback,9
2012-05-13 09:04:06,IncheonGround,JJA1302,Taxi,0
2012-05-13 09:04:25,IncheonGround,KAL723,Taxi,0
2012-05-13 09:04:28,IncheonTower1,KAL827,Lineup,9
2012-05-13 09:05:26,IncheonGround,AAR122,FreqencyChange,11
2012-05-13 09:05:35,IncheonGround,AAR603,FreqencyChange,11
2012-05-13 09:05:43,IncheonGround,JJA1302,FreqencyChange,11
2012-05-13 09:05:47,IncheonTower2,AAR122,Lineup,9
2012-05-13 09:05:49,IncheonTower1,KAL827,Takeoff,11
2012-05-13 09:05:55,IncheonGround,KAL723,FreqencyChange,11
2012-05-13 09:05:59,IncheonGround,CSN340,AssignSpot(NonWork)->101,0
2012-05-13 09:06:07,IncheonGround,KAL701,Pushback,9
2012-05-13 09:06:09,IncheonTower1,CES5052,FreqencyChange,11
2012-05-13 09:06:10,IncheonGround,SIA607,Taxi,0
2012-05-13 09:06:26,IncheonTower2,AAR122,Takeoff,11
2012-05-13 09:07:04,IncheonTower2,KAL723,Lineup,9
2012-05-13 09:07:07,IncheonGround,KAL819,FreqencyChange,11
2012-05-13 09:07:20,IncheonGround,AAR317,Taxi,0
2012-05-13 09:07:27,IncheonTower1,KAL819,Lineup,9
2012-05-13 09:07:54,IncheonGround,AAR721,Taxi,0
2012-05-13 09:07:59,IncheonGround,AAR301,AssignSpot(NonWork)->45,0
2012-05-13 09:08:01,IncheonGround,KAL775,Pushback,9
2012-05-13 09:08:08,IncheonTower1,KAL819,Takeoff,11
2012-05-13 09:08:14,IncheonTower2,AAR748,Taxi,0
2012-05-13 09:08:33,IncheonTower1,KAL827,FreqencyChange,11
2012-05-13 09:08:36,IncheonGround,AAR128,Taxi,0
2012-05-13 09:08:43,IncheonTower2,KAL723,Takeoff,11
2012-05-13 09:08:46,IncheonGround,KAL865,Taxi,0
2012-05-13 09:08:59,IncheonGround,AAR126,AssignSpot(NonWork)->37,0
2012-05-13 09:09:01,IncheonTower2,AAR122,FreqencyChange,11
2012-05-13 09:09:28,IncheonTower2,AAR603,Lineup,9
2012-05-13 09:09:48,IncheonGround,AAR102,Taxi,0
2012-05-13 09:10:00,IncheonGround,KAL773,AssignSpot(NonWork)->9,0
2012-05-13 09:10:37,IncheonTower1,KAL819,FreqencyChange,11
2012-05-13 09:10:41,IncheonGround,KAL701,Taxi,0
2012-05-13 09:10:54,IncheonTower2,AAR603,Takeoff,11
2012-05-13 09:11:17,IncheonGround,AAR317,FreqencyChange,11
2012-05-13 09:11:23,IncheonTower2,KAL723,FreqencyChange,11
2012-05-13 09:11:36,IncheonTower1,AAR317,Lineup,9
2012-05-13 09:11:39,IncheonTower2,JJA1302,Lineup,9
2012-05-13 09:12:12,IncheonTower1,AAR317,Takeoff,11
2012-05-13 09:12:54,IncheonGround,KAL775,Taxi,0
2012-05-13 09:13:05,IncheonTower2,JJA1302,Takeoff,11
2012-05-13 09:13:37,IncheonTower2,AAR603,FreqencyChange,11
2012-05-13 09:13:52,IncheonGround,AAR128,FreqencyChange,11
2012-05-13 09:13:52,IncheonGround,KAL775,FreqencyChange,11
2012-05-13 09:13:53,IncheonGround,AAR102,FreqencyChange,11
2012-05-13 09:13:59,IncheonGround,JJA2109,AssignSpot(NonWork)->34,0
2012-05-13 09:14:11,IncheonTower2,AAR748,Crossing,7
2012-05-13 09:14:19,IncheonTower2,AAR128,Lineup,9
2012-05-13 09:14:19,IncheonGround,KAL865,FreqencyChange,11
2012-05-13 09:14:20,IncheonGround,SIA607,FreqencyChange,11
2012-05-13 09:14:21,IncheonGround,AAR721,FreqencyChange,11
2012-05-13 09:14:38,IncheonTower1,KAL865,Lineup,9
2012-05-13 09:14:47,IncheonGround,JNA201,Pushback,9
2012-05-13 09:14:47,IncheonGround,KAL701,FreqencyChange,11
2012-05-13 09:14:50,IncheonTower1,AAR317,FreqencyChange,11
2012-05-13 09:15:00,IncheonGround,AAR303,AssignSpot(NonWork)->50,0
2012-05-13 09:15:16,IncheonTower2,AAR128,Takeoff,11
2012-05-13 09:15:19,IncheonTower1,KAL865,Takeoff,11
2012-05-13 09:15:47,IncheonTower2,JJA1302,FreqencyChange,11
2012-05-13 09:15:58,IncheonTower1,SIA607,Lineup,9
2012-05-13 09:15:59,IncheonGround,KAL825,AssignSpot(NonWork)->22,0
2012-05-13 09:16:00,IncheonTower2,KAL775,Lineup,9
2012-05-13 09:16:01,IncheonGround,AAR172,Pushback,9
2012-05-13 09:17:27,IncheonTower2,KAL775,Takeoff,11
2012-05-13 09:17:30,IncheonTower1,SIA607,Takeoff,11
2012-05-13 09:17:50,IncheonTower1,KAL865,FreqencyChange,11
2012-05-13 09:17:57,IncheonTower2,AAR128,FreqencyChange,11
2012-05-13 09:18:01,IncheonGround,CPA421,Pushback,9
2012-05-13 09:18:12,IncheonTower2,AAR102,Lineup,9
2012-05-13 09:18:17,IncheonTower1,AAR721,Lineup,9
2012-05-13 09:18:59,IncheonGround,KAL981,AssignSpot(NonWork)->11,0
2012-05-13 09:19:38,IncheonTower2,AAR102,Takeoff,11
2012-05-13 09:19:41,IncheonTower1,AAR721,Takeoff,11
2012-05-13 09:20:08,IncheonTower2,KAL775,FreqencyChange,11
2012-05-13 09:20:13,IncheonTower1,SIA607,FreqencyChange,11
2012-05-13 09:20:20,IncheonTower2,KAL701,Lineup,9
2012-05-13 09:21:07,IncheonGround,JNA201,Taxi,0
2012-05-13 09:21:20,IncheonGround,AAR172,Taxi,0
2012-05-13 09:21:49,IncheonTower2,KAL701,Takeoff,11
2012-05-13 09:22:01,SeoulApproach,KAL630,AssignSpot(NonWork)->6,0
2012-05-13 09:22:01,SeoulApproach,KAL630,Landing,11
2012-05-13 09:22:12,IncheonGround,AAR748,Taxi,0
2012-05-13 09:22:12,IncheonTower2,AAR748,FreqencyChange,11
2012-05-13 09:22:18,IncheonTower2,AAR102,FreqencyChange,11
2012-05-13 09:22:19,IncheonTower1,AAR721,FreqencyChange,11
2012-05-13 09:22:57,IncheonGround,KAL1401,Taxi,0
2012-05-13 09:23:01,IncheonGround,JNA011,Pushback,9
2012-05-13 09:23:14,IncheonGround,CPA421,Taxi,0
2012-05-13 09:23:31,IncheonGround,JNA201,FreqencyChange,11
2012-05-13 09:23:51,IncheonTower2,JNA201,Lineup,9
2012-05-13 09:24:01,IncheonGround,KAL1413,Pushback,9
2012-05-13 09:24:21,IncheonTower2,KAL701,FreqencyChange,11
2012-05-13 09:24:32,IncheonTower2,JNA201,Takeoff,11
2012-05-13 09:24:59,IncheonGround,TWB291,AssignSpot(NonWork)->103,0
2012-05-13 09:25:12,IncheonGround,KAL1401,FreqencyChange,11
2012-05-13 09:25:19,SeoulApproach,KAL630,FreqencyChange,11
2012-05-13 09:25:19,IncheonTower2,KAL630,Landing,11
2012-05-13 09:25:22,IncheonGround,AAR172,FreqencyChange,11
2012-05-13 09:25:23,IncheonGround,CPA421,FreqencyChange,11
2012-05-13 09:25:32,IncheonTower2,KAL1401,Lineup,9
2012-05-13 09:25:41,IncheonTower1,AAR172,Lineup,9
2012-05-13 09:26:01,IncheonGround,AAR351,Pushback,9
2012-05-13 09:26:18,IncheonTower1,AAR172,Takeoff,11
2012-05-13 09:26:43,IncheonTower2,KAL1401,Takeoff,11
2012-05-13 09:27:05,IncheonTower2,JNA201,FreqencyChange,11
2012-05-13 09:27:32,IncheonTower1,CPA421,Lineup,9
2012-05-13 09:27:51,IncheonGround,KAL805,Pushback,9
2012-05-13 09:28:01,IncheonGround,AAR361,Pushback,9
2012-05-13 09:28:01,IncheonGround,JNA011,Taxi,0
2012-05-13 09:28:29,IncheonTower1,CPA421,Takeoff,11
2012-05-13 09:28:34,IncheonGround,KAL1413,Taxi,0
2012-05-13 09:28:55,IncheonTower1,AAR172,FreqencyChange,11
2012-05-13 09:29:00,IncheonGround,KAL073,AssignSpot(NonWork)->7,0
2012-05-13 09:29:27,IncheonTower2,KAL1401,FreqencyChange,11
2012-05-13 09:29:59,IncheonGround,AAR112,AssignSpot(NonWork)->31,0
2012-05-13 09:30:07,IncheonGround,KAL1413,FreqencyChange,11
2012-05-13 09:30:27,IncheonTower2,KAL1413,Lineup,9
2012-05-13 09:30:59,IncheonGround,AAR104,AssignSpot(NonWork)->35,0
2012-05-13 09:31:02,IncheonTower2,KAL1413,Takeoff,11
2012-05-13 09:31:07,IncheonTower1,CPA421,FreqencyChange,11
2012-05-13 09:31:14,IncheonGround,AAR351,Taxi,0
2012-05-13 09:31:39,IncheonTower2,KAL630,Taxi,0
2012-05-13 09:32:01,IncheonGround,THA659,Pushback,9
2012-05-13 09:32:10,IncheonGround,AAR132,Pushback,9
2012-05-13 09:32:40,IncheonGround,AAR351,FreqencyChange,11
2012-05-13 09:32:41,IncheonGround,JNA011,FreqencyChange,11
2012-05-13 09:32:54,IncheonTower2,KAL630,Crossing,7
2012-05-13 09:32:59,IncheonGround,HVN417,AssignSpot(NonWork)->111,0
2012-05-13 09:33:00,IncheonTower1,AAR351,Lineup,9
2012-05-13 09:33:02,IncheonGround,KAL805,Taxi,0
2012-05-13 09:33:03,IncheonGround,AFR267,Pushback,9
2012-05-13 09:33:36,IncheonTower2,KAL1413,FreqencyChange,11
2012-05-13 09:33:37,IncheonTower1,AAR351,Takeoff,11
2012-05-13 09:33:45,IncheonGround,AAR361,Taxi,0
2012-05-13 09:34:00,IncheonGround,AAR222,AssignSpot(NonWork)->46,0
2012-05-13 09:34:00,IncheonGround,KAL823,AssignSpot(NonWork)->20,0
2012-05-13 09:34:00,IncheonGround,JNA005,AssignSpot(NonWork)->127,0
2012-05-13 09:34:16,IncheonTower1,JNA011,Lineup,9
2012-05-13 09:35:48,IncheonTower1,JNA011,Takeoff,11
2012-05-13 09:35:59,IncheonGround,KAL613,AssignSpot(NonWork)->8,0
2012-05-13 09:36:01,IncheonGround,CSN340,Pushback,9
2012-05-13 09:36:10,IncheonTower1,AAR351,FreqencyChange,11
2012-05-13 09:36:49,IncheonGround,THA659,Taxi,0
2012-05-13 09:37:31,IncheonGround,AAR132,Taxi,0
2012-05-13 09:37:59,IncheonGround,KAL765,AssignSpot(NonWork)->24,0
2012-05-13 09:38:01,IncheonGround,AAR301,Pushback,9
2012-05-13 09:38:10,IncheonGround,AFR267,Taxi,0
2012-05-13 09:38:12,IncheonGround,AAR361,FreqencyChange,11
2012-05-13 09:38:12,IncheonGround,THA659,FreqencyChange,11
2012-05-13 09:38:32,IncheonTower1,AAR361,Lineup,9
2012-05-13 09:38:32,IncheonTower1,JNA011,FreqencyChange,11
2012-05-13 09:38:40,IncheonGround,KAL805,FreqencyChange,11
2012-05-13 09:38:59,IncheonGround,HVN409,AssignSpot(NonWork)->112,0
2012-05-13 09:39:00,IncheonGround,KAL703,AssignSpot(NonWork)->15,0
2012-05-13 09:39:14,IncheonTower1,AAR361,Takeoff,11
2012-05-13 09:39:41,IncheonGround,AAR126,Pushback,9
2012-05-13 09:39:52,IncheonTower1,THA659,Lineup,9
2012-05-13 09:39:59,IncheonGround,THA629,AssignSpot(NonWork)->121,0
2012-05-13 09:40:01,IncheonGround,KAL773,Pushback,9
2012-05-13 09:40:30,IncheonGround,KAL630,Taxi,0
2012-05-13 09:40:30,IncheonTower2,KAL630,FreqencyChange,11
2012-05-13 09:40:50,IncheonGround,AFR267,FreqencyChange,11
2012-05-13 09:41:23,IncheonGround,CSN340,Taxi,0
2012-05-13 09:41:25,IncheonTower1,THA659,Takeoff,11
2012-05-13 09:41:46,IncheonTower1,AAR361,FreqencyChange,11
2012-05-13 09:42:12,IncheonTower1,KAL805,Lineup,9
2012-05-13 09:43:00,IncheonGround,CPA417,AssignSpot(NonWork)->124,0
2012-05-13 09:43:11,IncheonGround,AAR301,Taxi,0
2012-05-13 09:43:36,IncheonTower1,KAL805,Takeoff,11
2012-05-13 09:44:01,IncheonGround,JJA2109,Pushback,9
2012-05-13 09:44:07,IncheonTower1,THA659,FreqencyChange,11
2012-05-13 09:44:23,IncheonTower1,AFR267,Lineup,9
2012-05-13 09:45:01,IncheonGround,AAR303,Pushback,9
2012-05-13 09:45:02,IncheonGround,AAR132,FreqencyChange,11
2012-05-13 09:45:21,IncheonTower2,AAR132,Lineup,9
2012-05-13 09:45:27,IncheonGround,KAL773,Taxi,0
2012-05-13 09:45:47,IncheonTower1,AFR267,Takeoff,11
2012-05-13 09:46:00,IncheonGround,AAR152,AssignSpot(NonWork)->30,0
2012-05-13 09:46:01,IncheonGround,KAL825,Pushback,9
2012-05-13 09:46:04,IncheonTower2,AAR132,Takeoff,11
2012-05-13 09:46:13,IncheonTower1,KAL805,FreqencyChange,11
2012-05-13 09:46:33,IncheonGround,KAL773,FreqencyChange,11
2012-05-13 09:46:54,IncheonTower2,KAL773,Lineup,9
2012-05-13 09:47:17,IncheonGround,AAR126,Taxi,0
2012-05-13 09:47:47,IncheonGround,CSN340,FreqencyChange,11
2012-05-13 09:48:01,SeoulApproach,AAR552,AssignSpot(NonWork)->43,0
2012-05-13 09:48:01,SeoulApproach,AAR552,Landing,11
2012-05-13 09:48:07,IncheonTower1,CSN340,Lineup,9
2012-05-13 09:48:15,IncheonTower2,KAL773,Takeoff,11
2012-05-13 09:48:20,IncheonTower1,AFR267,FreqencyChange,11
2012-05-13 09:48:35,IncheonTower2,AAR132,FreqencyChange,11
2012-05-13 09:48:44,IncheonTower1,CSN340,Takeoff,11
2012-05-13 09:49:01,IncheonGround,KAL981,Pushback,9
2012-05-13 09:49:02,IncheonGround,JJA2109,Taxi,0
2012-05-13 09:50:00,IncheonGround,FIN042,AssignSpot(NonWork)->126,0
2012-05-13 09:50:47,IncheonTower2,KAL773,FreqencyChange,11
2012-05-13 09:51:02,IncheonGround,AAR303,Taxi,0
2012-05-13 09:51:03,IncheonGround,AAR301,FreqencyChange,11
2012-05-13 09:51:06,SeoulApproach,AAR552,FreqencyChange,11
2012-05-13 09:51:06,IncheonTower2,AAR552,Landing,11
2012-05-13 09:51:14,IncheonGround,KAL825,Taxi,0
2012-05-13 09:51:20,IncheonTower1,CSN340,FreqencyChange,11
2012-05-13 09:51:32,IncheonTower1,AAR301,Lineup,9
2012-05-13 09:52:05,IncheonTower1,AAR301,Takeoff,11
2012-05-13 09:52:35,IncheonGround,AAR303,FreqencyChange,11
2012-05-13 09:52:36,IncheonGround,JJA2109,FreqencyChange,11
2012-05-13 09:52:55,IncheonTower1,AAR303,Lineup,9
2012-05-13 09:53:24,IncheonGround,AAR126,FreqencyChange,11
2012-05-13 09:53:26,IncheonGround,KAL981,Taxi,0
2012-05-13 09:53:44,IncheonTower2,AAR126,Lineup,9
2012-05-13 09:54:15,IncheonGround,KAL825,FreqencyChange,11
2012-05-13 09:54:16,IncheonTower1,AAR303,Takeoff,11
2012-05-13 09:54:20,IncheonTower2,AAR126,Takeoff,11
2012-05-13 09:54:42,IncheonTower1,AAR301,FreqencyChange,11
2012-05-13 09:55:00,IncheonTower1,JJA2109,Lineup,9
2012-05-13 09:55:01,IncheonGround,TWB291,Pushback,9
2012-05-13 09:56:27,IncheonTower1,JJA2109,Takeoff,11
2012-05-13 09:56:54,IncheonTower1,AAR303,FreqencyChange,11
2012-05-13 09:56:55,IncheonTower2,AAR126,FreqencyChange,11
2012-05-13 09:57:06,IncheonTower2,AAR552,Taxi,0
2012-05-13 09:57:11,IncheonTower1,KAL825,Lineup,9
2012-05-13 09:58:00,IncheonGround,DAL578,AssignSpot(NonWork)->115,0
2012-05-13 09:58:38,IncheonTower1,KAL825,Takeoff,11
2012-05-13 09:58:59,IncheonGround,GIA879,AssignSpot(NonWork)->109,0
2012-05-13 09:59:01,IncheonGround,KAL073,Pushback,9
2012-05-13 09:59:05,IncheonTower1,JJA2109,FreqencyChange,11
2012-05-13 10:00:01,IncheonTower2,AAR552,Crossing,7
2012-05-13 10:00:01,IncheonGround,AAR112,Pushback,9
2012-05-13 10:00:23,IncheonGround,KAL981,FreqencyChange,11
2012-05-13 10:00:43,IncheonTower1,KAL981,Lineup,9
2012-05-13 10:01:00,IncheonGround,KAL691,AssignSpot(NonWork)->28,0
2012-05-13 10:01:01,IncheonGround,AAR104,Pushback,9
2012-05-13 10:01:16,IncheonTower1,KAL825,FreqencyChange,11
2012-05-13 10:01:28,IncheonTower1,KAL981,Takeoff,11
2012-05-13 10:01:59,IncheonGround,KAL081,AssignSpot(NonWork)->10,0
2012-05-13 10:02:59,IncheonGround,KAL093,AssignSpot(NonWork)->27,0
2012-05-13 10:03:01,IncheonGround,HVN417,Pushback,9
2012-05-13 10:04:01,IncheonGround,JNA005,Pushback,9
2012-05-13 10:04:03,IncheonTower1,KAL981,FreqencyChange,11
2012-05-13 10:04:11,IncheonGround,AAR222,Pushback,9
2012-05-13 10:04:30,IncheonGround,KAL073,Taxi,0
2012-05-13 10:04:59,IncheonGround,KAL757,AssignSpot(NonWork)->19,0
2012-05-13 10:04:59,IncheonGround,KAL767,AssignSpot(NonWork)->17,0
2012-05-13 10:05:27,IncheonGround,AAR112,Taxi,0
2012-05-13 10:05:29,IncheonGround,KAL073,FreqencyChange,11
2012-05-13 10:05:49,IncheonTower2,KAL073,Lineup,9
2012-05-13 10:06:01,SeoulApproach,SHU111,AssignSpot(NonWork)->233,0
2012-05-13 10:06:01,SeoulApproach,SHU111,Landing,11
2012-05-13 10:06:01,IncheonGround,KAL613,Pushback,9
2012-05-13 10:06:07,IncheonGround,AAR104,Taxi,0
2012-05-13 10:06:30,IncheonTower2,KAL073,Takeoff,11
2012-05-13 10:06:44,IncheonGround,AAR552,Taxi,0
2012-05-13 10:06:44,IncheonTower2,AAR552,FreqencyChange,11
2012-05-13 10:07:59,IncheonGround,KAL035,AssignSpot(NonWork)->14,0
2012-05-13 10:08:01,IncheonGround,KAL765,Pushback,9
2012-05-13 10:08:16,IncheonGround,HVN417,Taxi,0
2012-05-13 10:08:54,IncheonGround,JNA005,Taxi,0
2012-05-13 10:08:58,IncheonTower2,KAL073,FreqencyChange,11
2012-05-13 10:09:01,IncheonGround,KAL703,Pushback,9
2012-05-13 10:09:10,IncheonGround,HVN409,Pushback,9
2012-05-13 10:09:31,SeoulApproach,SHU111,FreqencyChange,11
2012-05-13 10:09:31,IncheonTower2,SHU111,Landing,11
2012-05-13 10:09:32,IncheonGround,AAR222,Taxi,0
2012-05-13 10:09:33,IncheonGround,KAL823,Pushback,9
2012-05-13 10:09:59,IncheonGround,AAR363,AssignSpot(NonWork)->49,0
2012-05-13 10:10:22,IncheonGround,AAR222,FreqencyChange,11
2012-05-13 10:10:41,IncheonGround,KAL613,Taxi,0
2012-05-13 10:10:43,IncheonTower1,AAR222,Lineup,9
2012-05-13 10:11:05,IncheonGround,HVN417,FreqencyChange,11
2012-05-13 10:11:26,IncheonTower1,AAR222,Takeoff,11
2012-05-13 10:11:36,IncheonGround,TWB291,Taxi,0
2012-05-13 10:12:06,IncheonGround,AAR104,FreqencyChange,11
2012-05-13 10:12:07,IncheonGround,AAR112,FreqencyChange,11
2012-05-13 10:12:26,IncheonTower2,AAR104,Lineup,9
2012-05-13 10:13:01,IncheonGround,CPA417,Pushback,9
2012-05-13 10:13:06,IncheonTower2,AAR104,Takeoff,11
2012-05-13 10:13:12,IncheonTower1,HVN417,Lineup,9
2012-05-13 10:13:23,IncheonGround,KAL765,Taxi,0
2012-05-13 10:13:32,IncheonGround,THA629,Pushback,9
2012-05-13 10:13:34,IncheonGround,JNA005,FreqencyChange,11
2012-05-13 10:13:52,IncheonTower1,HVN417,Takeoff,11
2012-05-13 10:14:04,IncheonTower1,AAR222,FreqencyChange,11
2012-05-13 10:14:12,IncheonGround,KAL703,Taxi,0
2012-05-13 10:14:30,IncheonGround,KAL823,Taxi,0
2012-05-13 10:14:41,IncheonTower2,AAR112,Lineup,9
2012-05-13 10:14:59,IncheonGround,AAR371,AssignSpot(NonWork)->42,0
2012-05-13 10:15:23,IncheonTower2,AAR112,Takeoff,11
2012-05-13 10:15:37,IncheonTower2,AAR104,FreqencyChange,11
2012-05-13 10:15:59,IncheonTower2,JNA005,Lineup,9
2012-05-13 10:16:01,IncheonGround,AAR152,Pushback,9
2012-05-13 10:16:03,IncheonTower2,SHU111,Taxi,0
2012-05-13 10:16:30,IncheonTower1,HVN417,FreqencyChange,11
2012-05-13 10:16:54,IncheonGround,HVN409,Taxi,0
2012-05-13 10:17:34,IncheonTower2,JNA005,Takeoff,11
2012-05-13 10:17:53,IncheonTower2,AAR112,FreqencyChange,11
2012-05-13 10:18:14,IncheonGround,CPA417,Taxi,0
2012-05-13 10:18:19,IncheonGround,KAL765,FreqencyChange,11
2012-05-13 10:18:20,IncheonGround,TWB291,FreqencyChange,11
2012-05-13 10:18:21,IncheonGround,KAL823,FreqencyChange,11
2012-05-13 10:18:22,IncheonGround,KAL703,FreqencyChange,11
2012-05-13 10:18:28,IncheonGround,KAL613,FreqencyChange,11
2012-05-13 10:18:31,IncheonGround,THA629,Taxi,0
2012-05-13 10:18:37,IncheonTower2,SHU111,Crossing,7
2012-05-13 10:18:41,IncheonTower1,KAL823,Lineup,9
2012-05-13 10:18:44,IncheonTower2,KAL765,Lineup,9
2012-05-13 10:19:17,IncheonTower1,KAL823,Takeoff,11
2012-05-13 10:19:45,IncheonTower2,KAL765,Takeoff,11
2012-05-13 10:20:01,IncheonGround,FIN042,Pushback,9
2012-05-13 10:20:13,IncheonTower2,JNA005,FreqencyChange,11
2012-05-13 10:20:32,IncheonTower2,TWB291,Lineup,9
2012-05-13 10:20:44,IncheonGround,HVN409,FreqencyChange,11
2012-05-13 10:20:48,IncheonTower1,KAL613,Lineup,9
2012-05-13 10:21:28,IncheonTower1,KAL613,Takeoff,11
2012-05-13 10:21:40,IncheonGround,CPA417,FreqencyChange,11
2012-05-13 10:21:52,IncheonTower1,KAL823,FreqencyChange,11
2012-05-13 10:21:56,IncheonTower2,TWB291,Takeoff,11
2012-05-13 10:22:10,IncheonGround,AAR152,Taxi,0
2012-05-13 10:22:29,IncheonTower2,KAL765,FreqencyChange,11
2012-05-13 10:22:38,IncheonGround,SHU111,Taxi,0
2012-05-13 10:22:38,IncheonTower2,SHU111,FreqencyChange,11
2012-05-13 10:22:49,IncheonTower2,KAL703,Lineup,9
2012-05-13 10:23:01,IncheonTower1,HVN409,Lineup,9
2012-05-13 10:23:42,IncheonTower1,HVN409,Takeoff,11
2012-05-13 10:23:55,IncheonGround,THA629,FreqencyChange,11
2012-05-13 10:23:59,IncheonTower1,KAL613,FreqencyChange,11
2012-05-13 10:24:07,IncheonTower2,KAL703,Takeoff,11
2012-05-13 10:24:26,IncheonTower1,CPA417,Lineup,9
2012-05-13 10:24:35,IncheonTower2,TWB291,FreqencyChange,11
2012-05-13 10:24:59,IncheonGround,AAR711,AssignSpot(NonWork)->40,0
2012-05-13 10:25:20,IncheonGround,FIN042,Taxi,0
2012-05-13 10:25:53,IncheonTower1,CPA417,Takeoff,11
2012-05-13 10:26:13,IncheonTower1,HVN409,FreqencyChange,11
2012-05-13 10:26:38,IncheonTower1,THA629,Lineup,9
2012-05-13 10:26:52,IncheonTower2,KAL703,FreqencyChange,11
2012-05-13 10:27:01,SeoulApproach,CSN685,AssignSpot(NonWork)->106,0
2012-05-13 10:27:01,SeoulApproach,CSN685,Landing,11
2012-05-13 10:27:40,IncheonGround,AAR152,FreqencyChange,11
2012-05-13 10:27:59,IncheonGround,MAS067,AssignSpot(NonWork)->107,0
2012-05-13 10:28:01,IncheonTower2,AAR152,Lineup,9
2012-05-13 10:28:01,IncheonGround,DAL578,Pushback,9
2012-05-13 10:28:04,IncheonTower1,THA629,Takeoff,11
2012-05-13 10:28:33,IncheonTower1,CPA417,FreqencyChange,11
2012-05-13 10:28:38,IncheonTower2,AAR152,Takeoff,11
2012-05-13 10:29:01,IncheonGround,GIA879,Pushback,9
2012-05-13 10:30:14,SeoulApproach,CSN685,FreqencyChange,11
2012-05-13 10:30:14,IncheonTower2,CSN685,Landing,11
2012-05-13 10:30:37,IncheonTower1,THA629,FreqencyChange,11
2012-05-13 10:31:01,IncheonGround,KAL691,Pushback,9
2012-05-13 10:31:11,IncheonTower2,AAR152,FreqencyChange,11
2012-05-13 10:31:22,IncheonGround,FIN042,FreqencyChange,11
2012-05-13 10:31:42,IncheonTower1,FIN042,Lineup,9
2012-05-13 10:32:01,IncheonGround,KAL081,Pushback,9
2012-05-13 10:32:23,IncheonTower1,FIN042,Takeoff,11
2012-05-13 10:32:25,IncheonGround,DAL578,Taxi,0
2012-05-13 10:33:01,IncheonGround,KAL093,Pushback,9
2012-05-13 10:33:38,IncheonGround,DAL578,FreqencyChange,11
2012-05-13 10:33:56,IncheonGround,GIA879,Taxi,0
2012-05-13 10:33:58,IncheonTower2,DAL578,Lineup,9
2012-05-13 10:33:59,IncheonGround,KAL031,AssignSpot(NonWork)->21,0
2012-05-13 10:34:37,IncheonTower2,DAL578,Takeoff,11
2012-05-13 10:34:58,IncheonTower1,FIN042,FreqencyChange,11
2012-05-13 10:35:01,IncheonGround,KAL767,Pushback,9
2012-05-13 10:35:10,IncheonGround,KAL757,Pushback,9
2012-05-13 10:36:25,IncheonTower2,CSN685,Taxi,0
2012-05-13 10:37:00,IncheonGround,KAL001,AssignSpot(NonWork)->26,0
2012-05-13 10:37:00,IncheonGround,GIA871,AssignSpot(NonWork)->108,0
2012-05-13 10:37:11,IncheonTower2,DAL578,FreqencyChange,11
2012-05-13 10:37:32,IncheonGround,GIA879,FreqencyChange,11
2012-05-13 10:37:39,IncheonTower2,CSN685,Crossing,7
2012-05-13 10:37:46,IncheonGround,KAL093,Taxi,0
2012-05-13 10:37:53,IncheonTower1,GIA879,Lineup,9
2012-05-13 10:37:59,IncheonGround,KAL691,Taxi,0
2012-05-13 10:38:01,IncheonGround,KAL035,Pushback,9
2012-05-13 10:38:32,IncheonTower1,GIA879,Takeoff,11
2012-05-13 10:40:01,IncheonGround,AAR363,Pushback,9
2012-05-13 10:40:46,IncheonGround,KAL757,Taxi,0
2012-05-13 10:40:52,IncheonGround,KAL767,Taxi,0
2012-05-13 10:41:07,IncheonTower1,GIA879,FreqencyChange,11
2012-05-13 10:42:29,IncheonGround,KAL081,Taxi,0
2012-05-13 10:42:58,IncheonGround,CSN685,Taxi,0
2012-05-13 10:42:58,IncheonTower2,CSN685,FreqencyChange,11
2012-05-13 10:42:59,IncheonGround,AAR327,AssignSpot(NonWork)->47,0
2012-05-13 10:43:11,IncheonGround,KAL035,Taxi,0
2012-05-13 10:43:14,IncheonGround,KAL691,FreqencyChange,11
2012-05-13 10:43:34,IncheonTower1,KAL691,Lineup,9
2012-05-13 10:43:43,IncheonGround,KAL757,FreqencyChange,11
2012-05-13 10:43:44,IncheonGround,KAL093,FreqencyChange,11
2012-05-13 10:44:03,IncheonTower2,KAL757,Lineup,9
2012-05-13 10:44:15,IncheonTower1,KAL691,Takeoff,11
2012-05-13 10:44:27,IncheonGround,KAL767,FreqencyChange,11
2012-05-13 10:44:40,IncheonGround,AAR363,Taxi,0
2012-05-13 10:44:45,IncheonTower2,KAL757,Takeoff,11
2012-05-13 10:45:00,IncheonGround,KAL855,AssignSpot(NonWork)->23,0
2012-05-13 10:45:01,SeoulApproach,MGL301,AssignSpot(NonWork)->104,0
2012-05-13 10:45:01,SeoulApproach,MGL301,Landing,11
2012-05-13 10:45:01,IncheonGround,AAR371,Pushback,9
2012-05-13 10:45:31,IncheonTower2,KAL093,Lineup,9
2012-05-13 10:45:55,IncheonGround,AAR363,FreqencyChange,11
2012-05-13 10:46:15,IncheonTower1,AAR363,Lineup,9
2012-05-13 10:46:42,IncheonGround,KAL081,FreqencyChange,11
2012-05-13 10:46:46,IncheonTower1,KAL691,FreqencyChange,11
2012-05-13 10:46:50,IncheonGround,KAL035,FreqencyChange,11
2012-05-13 10:46:56,IncheonTower2,KAL093,Takeoff,11
2012-05-13 10:46:57,IncheonTower1,AAR363,Takeoff,11
2012-05-13 10:47:01,SeoulApproach,MDA7398,AssignSpot(NonWork)->1,0
2012-05-13 10:47:01,SeoulApproach,MDA7398,Landing,11
2012-05-13 10:47:22,IncheonTower2,KAL757,FreqencyChange,11
2012-05-13 10:47:40,IncheonTower2,KAL767,Lineup,9
2012-05-13 10:48:12,SeoulApproach,MGL301,FreqencyChange,11
2012-05-13 10:48:12,IncheonTower2,MGL301,Landing,11
2012-05-13 10:49:07,IncheonTower2,KAL767,Takeoff,11
2012-05-13 10:49:31,IncheonTower1,AAR363,FreqencyChange,11
2012-05-13 10:49:39,IncheonTower2,KAL093,FreqencyChange,11
2012-05-13 10:49:52,IncheonTower2,KAL081,Lineup,9
2012-05-13 10:50:02,SeoulApproach,AFL250,AssignSpot(NonWork)->111,0
2012-05-13 10:50:02,SeoulApproach,AFL250,Landing,11
2012-05-13 10:50:31,IncheonGround,AAR371,Taxi,0
2012-05-13 10:50:44,SeoulApproach,MDA7398,FreqencyChange,11
2012-05-13 10:50:44,IncheonTower2,MDA7398,Landing,11
2012-05-13 10:51:01,SeoulApproach,DLH719,FreqencyChange,11
2012-05-13 10:51:18,IncheonTower2,KAL081,Takeoff,11
2012-05-13 10:51:48,IncheonTower2,KAL767,FreqencyChange,11
2012-05-13 10:52:02,IncheonTower2,KAL035,Lineup,9
2012-05-13 10:52:29,IncheonGround,AAR371,FreqencyChange,11
2012-05-13 10:52:49,IncheonTower1,AAR371,Lineup,9
2012-05-13 10:53:01,SeoulApproach,CES579,AssignSpot(NonWork)->221,0
2012-05-13 10:53:01,SeoulApproach,CES579,Landing,11
2012-05-13 10:53:25,IncheonTower1,AAR371,Takeoff,11
2012-05-13 10:53:26,SeoulApproach,AFL250,FreqencyChange,11
2012-05-13 10:53:26,IncheonTower2,AFL250,Landing,11
2012-05-13 10:53:37,IncheonTower2,KAL035,Takeoff,11
2012-05-13 10:53:58,IncheonTower2,KAL081,FreqencyChange,11
2012-05-13 10:54:20,IncheonTower2,MGL301,Taxi,0
2012-05-13 10:54:59,IncheonGround,KAL897,AssignSpot(NonWork)->24,0
2012-05-13 10:55:01,SeoulApproach,CES549,AssignSpot(NonWork)->103,0
2012-05-13 10:55:01,SeoulApproach,CES549,Landing,11
2012-05-13 10:55:02,IncheonGround,AAR711,Pushback,9
2012-05-13 10:55:15,SeoulApproach,AAR161,AssignSpot(NonWork)->35,0
2012-05-13 10:55:15,SeoulApproach,AAR161,Landing,11
2012-05-13 10:55:33,IncheonTower2,MGL301,Crossing,7
2012-05-13 10:56:00,IncheonTower1,AAR371,FreqencyChange,11
2012-05-13 10:56:10,IncheonTower2,KAL035,FreqencyChange,11
2012-05-13 10:56:28,SeoulApproach,CES579,FreqencyChange,11
2012-05-13 10:56:28,IncheonTower2,CES579,Landing,11
2012-05-13 10:57:32,IncheonTower2,MDA7398,Taxi,0
2012-05-13 10:58:01,IncheonGround,MAS067,Pushback,9
2012-05-13 10:58:05,SeoulApproach,CAL160,AssignSpot(NonWork)->126,0
2012-05-13 10:58:05,SeoulApproach,CAL160,Landing,11
2012-05-13 10:58:29,SeoulApproach,CES549,FreqencyChange,11
2012-05-13 10:58:29,IncheonTower1,CES549,Landing,11
2012-05-13 10:58:41,SeoulApproach,AAR161,FreqencyChange,11
2012-05-13 10:58:41,IncheonTower2,AAR161,Landing,11
2012-05-13 10:59:36,IncheonTower2,MDA7398,Crossing,7
2012-05-13 10:59:53,IncheonTower2,AFL250,Taxi,0
2012-05-13 11:00:01,SeoulApproach,CSN313,AssignSpot(NonWork)->102,0
2012-05-13 11:00:01,SeoulApproach,CSN313,Landing,11
2012-05-13 11:00:01,SeoulApproach,KAL748,AssignSpot(NonWork)->6,0
2012-05-13 11:00:01,SeoulApproach,KAL748,Landing,11
2012-05-13 11:00:24,IncheonGround,AAR711,Taxi,0
2012-05-13 11:00:52,IncheonGround,MGL301,Taxi,0
2012-05-13 11:00:52,IncheonTower2,MGL301,FreqencyChange,11
2012-05-13 11:01:04,IncheonTower2,AFL250,Crossing,7
2012-05-13 11:01:12,SeoulApproach,CAL160,FreqencyChange,11
2012-05-13 11:01:12,IncheonTower2,CAL160,Landing,11
2012-05-13 11:02:01,SeoulApproach,CCA171,AssignSpot(NonWork)->127,0
2012-05-13 11:02:01,SeoulApproach,CCA171,Landing,11
2012-05-13 11:02:05,IncheonGround,AAR711,FreqencyChange,11
2012-05-13 11:02:56,IncheonTower2,CES579,Taxi,0
2012-05-13 11:03:10,SeoulApproach,CSN313,FreqencyChange,11
2012-05-13 11:03:10,IncheonTower1,CSN313,Landing,11
2012-05-13 11:03:13,IncheonGround,MAS067,Taxi,0
2012-05-13 11:03:28,SeoulApproach,KAL748,FreqencyChange,11
2012-05-13 11:03:28,IncheonTower2,KAL748,Landing,11
2012-05-13 11:04:01,SeoulApproach,AAR115,AssignSpot(NonWork)->46,0
2012-05-13 11:04:01,SeoulApproach,AAR115,Landing,11
2012-05-13 11:04:01,IncheonGround,KAL031,Pushback,9
2012-05-13 11:04:18,IncheonTower2,CES579,Crossing,7
2012-05-13 11:04:33,IncheonTower1,AAR711,Lineup,9
2012-05-13 11:04:56,IncheonTower1,CES549,Taxi,0
2012-05-13 11:05:01,SeoulApproach,DLH712,AssignSpot(NonWork)->124,0
2012-05-13 11:05:01,SeoulApproach,DLH712,Landing,11
2012-05-13 11:05:07,IncheonTower2,AAR161,Taxi,0
2012-05-13 11:05:26,IncheonTower1,AAR711,Takeoff,11
2012-05-13 11:05:33,SeoulApproach,CCA171,FreqencyChange,11
2012-05-13 11:06:26,SeoulApproach,KAL752,AssignSpot(NonWork)->7,0
2012-05-13 11:06:26,SeoulApproach,KAL752,Landing,11
2012-05-13 11:06:29,IncheonTower2,AAR161,Crossing,7
2012-05-13 11:07:01,IncheonGround,KAL001,Pushback,9
2012-05-13 11:07:10,IncheonGround,GIA871,Pushback,9
2012-05-13 11:07:12,IncheonGround,MDA7398,Taxi,0
2012-05-13 11:07:12,IncheonTower2,MDA7398,FreqencyChange,11
2012-05-13 11:07:16,IncheonTower2,CAL160,Taxi,0
2012-05-13 11:07:18,SeoulApproach,AAR115,FreqencyChange,11
2012-05-13 11:07:18,IncheonTower2,AAR115,Landing,11
2012-05-13 11:08:01,SeoulApproach,KAL722,AssignSpot(NonWork)->28,0
2012-05-13 11:08:01,SeoulApproach,KAL722,Landing,11
2012-05-13 11:08:01,SeoulApproach,KAL936,AssignSpot(NonWork)->12,0
2012-05-13 11:08:01,SeoulApproach,KAL936,Landing,11
2012-05-13 11:08:10,IncheonTower1,AAR711,FreqencyChange,11
2012-05-13 11:08:11,IncheonGround,AFL250,Taxi,0
2012-05-13 11:08:11,IncheonTower2,AFL250,FreqencyChange,11
2012-05-13 11:08:11,SeoulApproach,DLH712,FreqencyChange,11
2012-05-13 11:08:25,IncheonGround,CES579,Taxi,0
2012-05-13 11:08:25,IncheonTower2,CES579,FreqencyChange,11
2012-05-13 11:09:13,IncheonTower1,CSN313,Taxi,0
2012-05-13 11:09:33,SeoulApproach,KAL752,FreqencyChange,11
2012-05-13 11:09:33,IncheonTower2,KAL752,Landing,11
2012-05-13 11:09:45,IncheonGround,KAL031,Taxi,0
2012-05-13 11:09:55,IncheonTower2,KAL748,Taxi,0
2012-05-13 11:10:14,IncheonTower2,CAL160,Crossing,7
2012-05-13 11:11:01,SeoulApproach,AAR107,AssignSpot(NonWork)->18,0
2012-05-13 11:11:01,SeoulApproach,AAR107,Landing,11
2012-05-13 11:11:06,SeoulApproach,KAL936,FreqencyChange,11
2012-05-13 11:11:06,IncheonTower1,KAL936,Landing,11
2012-05-13 11:11:13,IncheonTower2,KAL748,Crossing,7
2012-05-13 11:11:23,SeoulApproach,KAL722,FreqencyChange,11
2012-05-13 11:11:23,IncheonTower2,KAL722,Landing,11
2012-05-13 11:12:06,IncheonTower1,CCA171,Taxi,0
2012-05-13 11:12:22,IncheonGround,KAL001,Taxi,0
2012-05-13 11:12:35,IncheonGround,CES549,Taxi,0
2012-05-13 11:12:35,IncheonTower1,CES549,FreqencyChange,11
2012-05-13 11:13:01,SeoulApproach,CSN681,AssignSpot(NonWork)->706,0
2012-05-13 11:13:01,SeoulApproach,CSN681,Landing,11
2012-05-13 11:13:01,SeoulApproach,KAL1404,AssignSpot(NonWork)->3,0
2012-05-13 11:13:01,SeoulApproach,KAL1404,Landing,11
2012-05-13 11:13:01,IncheonGround,AAR327,Pushback,9
2012-05-13 11:13:24,IncheonGround,GIA871,Taxi,0
2012-05-13 11:13:29,IncheonGround,KAL031,FreqencyChange,11
2012-05-13 11:13:35,IncheonTower2,AAR115,Taxi,0
2012-05-13 11:13:49,IncheonTower2,KAL031,Lineup,9
2012-05-13 11:13:53,IncheonGround,AAR161,Taxi,0
2012-05-13 11:13:53,IncheonTower2,AAR161,FreqencyChange,11
2012-05-13 11:14:18,SeoulApproach,AAR107,FreqencyChange,11
2012-05-13 11:14:18,IncheonTower2,AAR107,Landing,11
2012-05-13 11:14:18,IncheonTower1,DLH712,Taxi,0
2012-05-13 11:14:43,IncheonTower2,KAL031,Takeoff,11
2012-05-13 11:14:45,IncheonGround,CSN313,Taxi,0
2012-05-13 11:14:45,IncheonTower1,CSN313,FreqencyChange,11
2012-05-13 11:15:00,IncheonGround,KAL037,AssignSpot(NonWork)->15,0
2012-05-13 11:15:01,IncheonGround,KAL855,Pushback,9
2012-05-13 11:15:33,IncheonGround,CAL160,Taxi,0
2012-05-13 11:15:33,IncheonTower2,CAL160,FreqencyChange,11
2012-05-13 11:15:37,IncheonTower2,KAL752,Taxi,0
2012-05-13 11:15:52,IncheonGround,MAS067,FreqencyChange,11
2012-05-13 11:15:52,IncheonGround,GIA871,FreqencyChange,11
2012-05-13 11:15:53,IncheonTower2,AAR115,Crossing,7
2012-05-13 11:16:01,SeoulApproach,KAL904,AssignSpot(NonWork)->27,0
2012-05-13 11:16:01,SeoulApproach,KAL904,Landing,11
2012-05-13 11:16:22,SeoulApproach,CSN681,FreqencyChange,11
2012-05-13 11:16:22,IncheonTower1,CSN681,Landing,11
2012-05-13 11:16:23,SeoulApproach,KAL1404,FreqencyChange,11
2012-05-13 11:16:23,IncheonTower2,KAL1404,Landing,11
2012-05-13 11:16:34,IncheonTower1,MAS067,Lineup,9
2012-05-13 11:16:57,IncheonTower2,KAL752,Crossing,7
2012-05-13 11:17:05,IncheonTower1,KAL936,Taxi,0
2012-05-13 11:17:31,IncheonTower2,KAL031,FreqencyChange,11
2012-05-13 11:17:42,IncheonTower1,MAS067,Takeoff,11
2012-05-13 11:17:46,IncheonTower2,KAL722,Taxi,0
2012-05-13 11:18:11,IncheonGround,AAR327,Taxi,0
2012-05-13 11:18:28,IncheonTower1,GIA871,Lineup,9
2012-05-13 11:18:56,IncheonGround,CCA171,Taxi,0
2012-05-13 11:18:56,IncheonTower1,CCA171,FreqencyChange,11
2012-05-13 11:18:59,IncheonGround,CSN686,AssignSpot(NonWork)->106,0
2012-05-13 11:19:01,SeoulApproach,AAR368,AssignSpot(NonWork)->48,0
2012-05-13 11:19:01,SeoulApproach,AAR368,Landing,11
2012-05-13 11:19:10,SeoulApproach,KAL904,FreqencyChange,11
2012-05-13 11:19:10,IncheonTower1,KAL904,Landing,11
2012-05-13 11:19:11,IncheonTower2,KAL722,Crossing,7
2012-05-13 11:19:23,IncheonGround,KAL748,Taxi,0
2012-05-13 11:19:23,IncheonTower2,KAL748,FreqencyChange,11
2012-05-13 11:19:53,IncheonTower1,GIA871,Takeoff,11
2012-05-13 11:19:59,IncheonGround,DLH712,Taxi,0
2012-05-13 11:19:59,IncheonTower1,DLH712,FreqencyChange,11
2012-05-13 11:20:05,IncheonGround,KAL855,Taxi,0
2012-05-13 11:20:24,IncheonTower1,MAS067,FreqencyChange,11
2012-05-13 11:20:36,IncheonTower2,AAR107,Taxi,0
2012-05-13 11:20:59,IncheonGround,SHU112,AssignSpot(NonWork)->127,0
2012-05-13 11:21:47,IncheonGround,KAL001,FreqencyChange,11
2012-05-13 11:21:50,IncheonTower2,AAR107,Crossing,7
2012-05-13 11:22:07,IncheonTower2,KAL001,Lineup,9
2012-05-13 11:22:16,SeoulApproach,AAR368,FreqencyChange,11
2012-05-13 11:22:16,IncheonTower2,AAR368,Landing,11
2012-05-13 11:22:36,IncheonTower1,GIA871,FreqencyChange,11
2012-05-13 11:22:41,IncheonGround,AAR115,Taxi,0
2012-05-13 11:22:41,IncheonTower2,AAR115,FreqencyChange,11
2012-05-13 11:22:41,IncheonTower1,CSN681,Taxi,0
2012-05-13 11:22:45,IncheonTower2,KAL1404,Taxi,0
2012-05-13 11:23:01,SeoulApproach,KAL764,AssignSpot(NonWork)->20,0
2012-05-13 11:23:01,SeoulApproach,KAL764,Landing,11
2012-05-13 11:23:10,IncheonTower2,KAL001,Takeoff,11
2012-05-13 11:24:13,IncheonTower2,KAL1404,Crossing,7
2012-05-13 11:24:21,IncheonGround,AAR327,FreqencyChange,11
2012-05-13 11:24:24,IncheonGround,CSN681,Taxi,0
2012-05-13 11:24:24,IncheonTower1,CSN681,FreqencyChange,11
2012-05-13 11:24:53,IncheonGround,KAL855,FreqencyChange,11
2012-05-13 11:25:05,IncheonGround,KAL897,Pushback,9
2012-05-13 11:25:12,IncheonTower1,KAL855,Lineup,9
2012-05-13 11:25:14,IncheonTower1,KAL904,Taxi,0
2012-05-13 11:25:38,IncheonGround,KAL752,Taxi,0
2012-05-13 11:25:38,IncheonTower2,KAL752,FreqencyChange,11
2012-05-13 11:25:49,IncheonTower2,KAL001,FreqencyChange,11
2012-05-13 11:25:55,IncheonTower1,KAL855,Takeoff,11
2012-05-13 11:26:33,SeoulApproach,KAL764,FreqencyChange,11
2012-05-13 11:26:33,IncheonTower2,KAL764,Landing,11
2012-05-13 11:26:43,IncheonGround,KAL722,Taxi,0
2012-05-13 11:26:43,IncheonTower2,KAL722,FreqencyChange,11
2012-05-13 11:27:15,IncheonGround,KAL936,Taxi,0
2012-05-13 11:27:15,IncheonTower1,KAL936,FreqencyChange,11
2012-05-13 11:28:01,SeoulApproach,KAL952,AssignSpot(NonWork)->22,0
2012-05-13 11:28:01,SeoulApproach,KAL952,Landing,11
2012-05-13 11:28:30,IncheonTower1,AAR327,Lineup,9
2012-05-13 11:28:30,IncheonTower1,KAL855,FreqencyChange,11
2012-05-13 11:28:32,IncheonTower2,AAR368,Taxi,0
2012-05-13 11:28:54,IncheonGround,AAR107,Taxi,0
2012-05-13 11:28:54,IncheonTower2,AAR107,FreqencyChange,11
2012-05-13 11:29:00,IncheonGround,AAR236,AssignSpot(NonWork)->43,0
2012-05-13 11:29:10,IncheonTower1,AAR327,Takeoff,11
2012-05-13 11:29:42,SeoulApproach,CCA139,AssignSpot(NonWork)->101,0
2012-05-13 11:29:42,SeoulApproach,CCA139,Landing,11
2012-05-13 11:29:44,IncheonTower2,AAR368,Crossing,7
2012-05-13 11:30:08,IncheonGround,KAL897,Taxi,0
2012-05-13 11:31:28,SeoulApproach,KAL952,FreqencyChange,11
2012-05-13 11:31:28,IncheonTower2,KAL952,Landing,11
2012-05-13 11:31:44,IncheonTower1,AAR327,FreqencyChange,11
2012-05-13 11:31:58,IncheonGround,KAL1404,Taxi,0
2012-05-13 11:31:58,IncheonTower2,KAL1404,FreqencyChange,11
2012-05-13 11:32:14,IncheonGround,KAL904,Taxi,0
2012-05-13 11:32:14,IncheonTower1,KAL904,FreqencyChange,11
2012-05-13 11:33:01,SeoulApproach,KAL788,FreqencyChange,11
2012-05-13 11:33:07,IncheonTower2,KAL764,Taxi,0
2012-05-13 11:33:24,SeoulApproach,CCA139,FreqencyChange,11
2012-05-13 11:33:24,IncheonTower2,CCA139,Landing,11
2012-05-13 11:34:48,IncheonGround,KAL897,FreqencyChange,11
2012-05-13 11:35:00,IncheonTower2,KAL764,Crossing,7
2012-05-13 11:35:01,SeoulApproach,CDG4095,AssignSpot(NonWork)->9,0
2012-05-13 11:35:01,SeoulApproach,CDG4095,Landing,11
2012-05-13 11:35:08,IncheonTower1,KAL897,Lineup,9
2012-05-13 11:35:48,IncheonTower1,KAL897,Takeoff,11
2012-05-13 11:36:27,IncheonGround,AAR368,Taxi,0
2012-05-13 11:36:27,IncheonTower2,AAR368,FreqencyChange,11
2012-05-13 11:36:56,SeoulApproach,KAL9906,AssignSpot(NonWork)->19,0
2012-05-13 11:36:56,SeoulApproach,KAL9906,Landing,11
2012-05-13 11:37:58,IncheonTower2,KAL952,Taxi,0
2012-05-13 11:38:11,SeoulApproach,CDG4095,FreqencyChange,11
2012-05-13 11:38:11,IncheonTower2,CDG4095,Landing,11
2012-05-13 11:38:19,IncheonTower1,KAL897,FreqencyChange,11
2012-05-13 11:39:14,IncheonTower2,KAL952,Crossing,7
2012-05-13 11:39:15,IncheonGround,MDA7399,AssignSpot(NonWork)->105,0
2012-05-13 11:40:01,SeoulApproach,CES5041,AssignSpot(NonWork)->113,0
2012-05-13 11:40:01,SeoulApproach,CES5041,Landing,11
2012-05-13 11:40:10,SeoulApproach,KAL9906,FreqencyChange,11
2012-05-13 11:40:10,IncheonTower2,KAL9906,Landing,11
2012-05-13 11:40:12,IncheonTower2,CCA139,Taxi,0
2012-05-13 11:41:43,IncheonGrou