Airport,Name,NameGroup,StartNode,EndNode,TaxiingSpeed,ArrivalPreference,DeparturePreference,ACType,A,B,C,D,E,F
RKSI,V_2,V,V_2_2,V_2_1,,,,,TRUE,TRUE,TRUE,TRUE,TRUE,TRUE
RKSI,V_1,V,V_2_1,V_1_1,,,,,TRUE,TRUE,TRUE,TRUE,TRUE,TRUE
RKSI,Unknown_9,Unknown,Unknown_9_1,Unknown_10_1,,,,,TRUE,TRUE,TRUE,TRUE,TRUE,TRUE
RKSI,Unknown_8,Unknown,Unknown_8_1,Unknown_9_1,,,,,TRUE,TRUE,TRUE,TRUE,TRUE,TRUE
RKSI,Unknown_7,Unknown,Unknown_7_1,Unknown_8_1,,,,,TRUE,TRUE,TRUE,TRUE,TRUE,TRUE
RKSI,Unknown_6,Unknown,Unknown_6_1,Unknown_7_1,,,,,TRUE,TRUE,TRUE,TRUE,TRUE,TRUE
RKSI,Unknown_5,Unknown,Unknown_5_1,Unknown_6_1,,,,,TRUE,TRUE,TRUE,TRUE,TRUE,TRUE
RKSI,Unknown_4,Unknown,Unknown_4_1,Unknown_5_1,,,,,TRUE,TRUE,TRUE,TRUE,TRUE,TRUE
RKSI,Unknown_3,Unknown,Unknown_3_1,Unknown_4_1,,,,,TRUE,TRUE,TRUE,TRUE,TRUE,TRUE
RKSI,Unknown_2,Unknown,Unknown_2_1,Unknown_3_1,,,,,TRUE,TRUE,TRUE,TRUE,TRUE,TRUE
RKSI,Unknown_13,Unknown,Unknown_13_1,Unknown_13_2,,,,,TRUE,TRUE,TRUE,TRUE,TRUE,TRUE
RKSI,Unknown_12,Unknown,Unknown_12_1,Unknown_13_1,,,,,TRUE,TRUE,TRUE,TRUE,TRUE,TRUE
RKSI,Unknown_11,Unknown,Unknown_11_1,Unknown_12_1,,,,,TRUE,TRUE,TRUE,TRUE,TRUE,TRUE
RKSI,Unknown_10,Unknown,Unknown_10_1,Unknown_11_1,,,,,TRUE,TRUE,TRUE,TRUE,TRUE,TRUE
RKSI,Unknown_1,Unknown,Unknown_1_1,Unknown_2_1,,,,,TRUE,TRUE,TRUE,TRUE,TRUE,TRUE
RKSI,U_2,U,U_2_2,U_2_1,,,,,TRUE,TRUE,TRUE,TRUE,TRUE,TRUE
RKSI,U_1,U,U_2_1,U_1_1,,,,,TRUE,TRUE,TRUE,TRUE,TRUE,TRUE
RKSI,S_2,S,S_2_2,S_2_1,,,,,TRUE,TRUE,TRUE,TRUE,TRUE,TRUE
RKSI,S_1,S,S_2_1,S_1_1,,,,,TRUE,TRUE,TRUE,TRUE,TRUE,TRUE
RKSI,RWY3_9,RWY3,U_2_1,V_2_1,,,,,TRUE,TRUE,TRUE,TRUE,TRUE,TRUE
RKSI,RWY3_8,RWY3,RWY3_8_1,U_2_1,,,,,TRUE,TRUE,TRUE,TRUE,TRUE,TRUE
RKSI,RWY3_7,RWY3,RWY3_7_1,RWY3_8_1,,,,,TRUE,TRUE,TRUE,TRUE,TRUE,TRUE
RKSI,RWY3_6,RWY3,RWY3_6_1,RWY3_7_1,,,,,TRUE,TRUE,TRUE,TRUE,TRUE,TRUE
RKSI,RWY3_5,RWY3,RWY3_5_1,RWY3_6_1,,,,,TRUE,TRUE,TRUE,TRUE,TRUE,TRUE
RKSI,RWY3_4,RWY3,RWY3_4_1,RWY3_5_1,,,,,TRUE,TRUE,TRUE,TRUE,TRUE,TRUE
RKSI,RWY3_3,RWY3,RWY3_3_1,RWY3_4_1,,,,,TRUE,TRUE,TRUE,TRUE,TRUE,TRUE
RKSI,RWY3_2,RWY3,RWY3_2_1,RWY3_3_1,,,,,TRUE,TRUE,TRUE,TRUE,TRUE,TRUE
RKSI,RWY3_11,RWY3,RWY3_11_1,RWY3_11_2,,,,,TRUE,TRUE,TRUE,TRUE,TRUE,TRUE
RKSI,RWY3_10,RWY3,V_2_1,RWY3_11_1,,,,,TRUE,TRUE,TRUE,TRUE,TRUE,TRUE
RKSI,RWY3_1,RWY3,S_2_1,RWY3_2_1,,,,,TRUE,TRUE,TRUE,TRUE,TRUE,TRUE
RKSI,RWY2_7,RWY2,RWY2_7_1,RWY2_7_2,,,,,TRUE,TRUE,TRUE,TRUE,TRUE,TRUE
RKSI,RWY2_6,RWY2,RWY2_6_1,RWY2_7_1,,,,,TRUE,TRUE,TRUE,TRUE,TRUE,TRUE
RKSI,RWY2_5,RWY2,RWY2_5_1,RWY2_6_1,,,,,TRUE,TRUE,TRUE,TRUE,TRUE,TRUE
RKSI,RWY2_4,RWY2,RWY2_4_1,RWY2_5_1,,,,,TRUE,TRUE,TRUE,TRUE,TRUE,TRUE
RKSI,RWY2_3,RWY2,RWY2_3_1,RWY2_4_1,,,,,TRUE,TRUE,TRUE,TRUE,TRUE,TRUE
RKSI,RWY2_2,RWY2,RWY2_2_1,RWY2_3_1,,,,,TRUE,TRUE,TRUE,TRUE,TRUE,TRUE
RKSI,RWY2_1,RWY2,RWY2_2_1,RWY2_1_1,,,,,TRUE,TRUE,TRUE,TRUE,TRUE,TRUE
RKSI,RWY1_9,RWY1,RWY1_9_1,RWY1_10_1,,,,,TRUE,TRUE,TRUE,TRUE,TRUE,TRUE
RKSI,RWY1_8,RWY1,RWY1_8_1,RWY1_9_1,,,,,TRUE,TRUE,TRUE,TRUE,TRUE,TRUE
RKSI,RWY1_7,RWY1,RWY1_7_1,RWY1_8_1,,,,,TRUE,TRUE,TRUE,TRUE,TRUE,TRUE
RKSI,RWY1_6,RWY1,RWY1_6_1,RWY1_7_1,,,,,TRUE,TRUE,TRUE,TRUE,TRUE,TRUE
RKSI,RWY1_5,RWY1,RWY1_5_1,RWY1_6_1,,,,,TRUE,TRUE,TRUE,TRUE,TRUE,TRUE
RKSI,RWY1_4,RWY1,RWY1_4_1,RWY1_5_1,,,,,TRUE,TRUE,TRUE,TRUE,TRUE,TRUE
RKSI,RWY1_3,RWY1,RWY1_3_1,RWY1_4_1,,,,,TRUE,TRUE,TRUE,TRUE,TRUE,TRUE
RKSI,RWY1_2,RWY1,RWY1_2_1,RWY1_3_1,,,,,TRUE,TRUE,TRUE,TRUE,TRUE,TRUE
RKSI,RWY1_10,RWY1,RWY1_10_1,RWY1_10_2,,,,,TRUE,TRUE,TRUE,TRUE,TRUE,TRUE
RKSI,RWY1_1,RWY1,RWY1_1_1,RWY1_2_1,,,,,TRUE,TRUE,TRUE,TRUE,TRUE,TRUE
RKSI,R9_2,R9,R9_2_2,R9_2_1,,,,,TRUE,TRUE,TRUE,TRUE,TRUE,TRUE
RKSI,R9_1,R9,R9_2_1,R9_1_1,,,,,TRUE,TRUE,TRUE,TRUE,TRUE,TRUE
RKSI,R8_3,R8,R8_3_2,R8_3_1,,,,,TRUE,TRUE,TRUE,TRUE,TRUE,TRUE
RKSI,R8_2,R8,R8_3_1,R8_2_1,,,,,TRUE,TRUE,TRUE,TRUE,TRUE,TRUE
RKSI,R8_1,R8,R8_2_1,R8_1_1,,,,,TRUE,TRUE,TRUE,TRUE,TRUE,TRUE
RKSI,R7_9,R7,R7_10_1,R7_9_1,10,,,,TRUE,TRUE,TRUE,TRUE,TRUE,TRUE
RKSI,R7_8,R7,R7_9_1,R7_8_1,10,,,,TRUE,TRUE,TRUE,TRUE,TRUE,TRUE
RKSI,R7_7,R7,R7_8_1,R7_7_1,10,,,,TRUE,TRUE,TRUE,TRUE,TRUE,TRUE
RKSI,R7_6,R7,R7_7_1,R7_6_1,10,,,,TRUE,TRUE,TRUE,TRUE,TRUE,TRUE
RKSI,R7_2,R7,R7_6_1,R7_2_1,10,,,,TRUE,TRUE,TRUE,TRUE,TRUE,TRUE
RKSI,R7_14,R7,R7_14_2,R7_14_1,10,,,,TRUE,TRUE,TRUE,TRUE,TRUE,TRUE
RKSI,R7_13,R7,R7_14_1,R7_13_1,10,,,,TRUE,TRUE,TRUE,TRUE,TRUE,TRUE
RKSI,R7_12,R7,R7_13_1,R7_12_1,10,,,,TRUE,TRUE,TRUE,TRUE,TRUE,TRUE
RKSI,R7_11,R7,R7_12_1,R7_11_1,10,,,,TRUE,TRUE,TRUE,TRUE,TRUE,TRUE
RKSI,R7_10,R7,R7_11_1,R7_10_1,10,,,,TRUE,TRUE,TRUE,TRUE,TRUE,TRUE
RKSI,R7_1,R7,R7_2_1,R7_1_1,10,,,,TRUE,TRUE,TRUE,TRUE,TRUE,TRUE
RKSI,R6_9,R6,R6_9_1,R6_10_1,10,,,,TRUE,TRUE,TRUE,TRUE,TRUE,TRUE
RKSI,R6_8,R6,R6_8_1,R6_9_1,10,,,,TRUE,TRUE,TRUE,TRUE,TRUE,TRUE
RKSI,R6_7,R6,R4_10_1,R6_8_1,10,,,,TRUE,TRUE,TRUE,TRUE,TRUE,TRUE
RKSI,R6_6,R6,R6_6_1,R6_7_1,10,,,,TRUE,TRUE,TRUE,TRUE,TRUE,TRUE
RKSI,R6_5,R6,R6_5_1,R6_6_1,10,,,,TRUE,TRUE,TRUE,TRUE,TRUE,TRUE
RKSI,R6_4,R6,R6_4_1,R6_5_1,10,,,,TRUE,TRUE,TRUE,TRUE,TRUE,TRUE
RKSI,R6_3,R6,R6_3_1,R6_4_1,10,,,,TRUE,TRUE,TRUE,TRUE,TRUE,TRUE
RKSI,R6_2,R6,R6_2_1,R6_3_1,10,,,,TRUE,TRUE,TRUE,TRUE,TRUE,TRUE
RKSI,R6_10,R6,R6_10_1,R6_10_2,,,,,TRUE,TRUE,TRUE,TRUE,TRUE,TRUE
RKSI,R6_1,R6,R6_1_1,R6_2_1,10,,,,TRUE,TRUE,TRUE,TRUE,TRUE,TRUE
RKSI,R4_9,R4,R6_7_1,R4_10_1,10,,,,TRUE,TRUE,TRUE,TRUE,TRUE,TRUE
RKSI,R4_8,R4,R4_8_1,R6_7_1,10,,,,TRUE,TRUE,TRUE,TRUE,TRUE,TRUE
RKSI,R4_7,R4,R4_7_1,R4_8_1,10,,,,TRUE,TRUE,TRUE,TRUE,TRUE,TRUE
RKSI,R4_6,R4,R4_6_2,R4_6_1,10,,,,TRUE,TRUE,TRUE,TRUE,TRUE,TRUE
RKSI,R4_5,R4,R4_6_1,R4_7_1,10,,,,TRUE,TRUE,TRUE,TRUE,TRUE,TRUE
RKSI,R4_4,R4,R4_4_1,R4_6_1,10,,,,TRUE,TRUE,TRUE,TRUE,TRUE,TRUE
RKSI,R4_32,R4,R4_32_1,R4_32_2,10,,,,TRUE,TRUE,TRUE,TRUE,TRUE,TRUE
RKSI,R4_31,R4,R4_31_1,R4_32_1,10,,,,TRUE,TRUE,TRUE,TRUE,TRUE,TRUE
RKSI,R4_30,R4,R4_30_1,R4_31_1,10,,,,TRUE,TRUE,TRUE,TRUE,TRUE,TRUE
RKSI,R4_3,R4,R4_4_1,R4_3_1,10,,,,TRUE,TRUE,TRUE,TRUE,TRUE,TRUE
RKSI,R4_29,R4,R4_29_1,R4_30_1,10,,,,TRUE,TRUE,TRUE,TRUE,TRUE,TRUE
RKSI,R4_28,R4,R9_1_1,R4_29_1,,,,,TRUE,TRUE,TRUE,TRUE,TRUE,TRUE
RKSI,R4_27,R4,R4_27_1,R9_1_1,,,,,TRUE,TRUE,TRUE,TRUE,TRUE,TRUE
RKSI,R4_26,R4,R4_26_1,R4_27_1,10,,,,TRUE,TRUE,TRUE,TRUE,TRUE,TRUE
RKSI,R4_25,R4,R4_25_1,R4_26_1,10,,,,TRUE,TRUE,TRUE,TRUE,TRUE,TRUE
RKSI,R4_24,R4,R4_24_1,R4_25_1,10,,,,TRUE,TRUE,TRUE,TRUE,TRUE,TRUE
RKSI,R4_23,R4,R4_23_1,R4_24_1,,,,,TRUE,TRUE,TRUE,TRUE,TRUE,TRUE
RKSI,R4_22,R4,R8_1_1,R4_23_1,,,,,TRUE,TRUE,TRUE,TRUE,TRUE,TRUE
RKSI,R4_21,R4,R7_1_1,R8_1_1,,,,,TRUE,TRUE,TRUE,TRUE,TRUE,TRUE
RKSI,R4_20,R4,R4_20_1,R7_1_1,10,,,,TRUE,TRUE,TRUE,TRUE,TRUE,TRUE
RKSI,R4_2,R4,R4_3_1,R6_4_1,10,,,,TRUE,TRUE,TRUE,TRUE,TRUE,TRUE
RKSI,R4_19,R4,R4_19_1,R4_20_1,10,,,,TRUE,TRUE,TRUE,TRUE,TRUE,TRUE
RKSI,R4_18,R4,R4_18_1,R4_19_1,10,,,,TRUE,TRUE,TRUE,TRUE,TRUE,TRUE
RKSI,R4_17,R4,R4_17_1,R4_18_1,10,,,,TRUE,TRUE,TRUE,TRUE,TRUE,TRUE
RKSI,R4_16,R4,R4_16_1,R4_17_1,10,,,,TRUE,TRUE,TRUE,TRUE,TRUE,TRUE
RKSI,R4_15,R4,R4_15_1,R4_16_1,10,,,,TRUE,TRUE,TRUE,TRUE,TRUE,TRUE
RKSI,R4_14,R4,R4_15_1,R4_14_1,10,,,,TRUE,TRUE,TRUE,TRUE,TRUE,TRUE
RKSI,R4_13,R4,R4_14_1,R4_13_1,10,,,,TRUE,TRUE,TRUE,TRUE,TRUE,TRUE
RKSI,R4_12,R4,R4_13_1,R4_12_1,10,,,,TRUE,TRUE,TRUE,TRUE,TRUE,TRUE
RKSI,R4_11,R4,R4_12_1,R4_11_1,10,,,,TRUE,TRUE,TRUE,TRUE,TRUE,TRUE
RKSI,R4_10,R4,R4_10_1,R4_11_1,10,,,,TRUE,TRUE,TRUE,TRUE,TRUE,TRUE
RKSI,R4_1,R4,R4_3_1,R6_2_1,10,,,,TRUE,TRUE,TRUE,TRUE,TRUE,TRUE
RKSI,R3_8,R3,R8_2_1,R3_8_2,,,,,TRUE,TRUE,TRUE,TRUE,TRUE,TRUE
RKSI,R3_7,R3,R7_9_1,R8_2_1,,,,,TRUE,TRUE,TRUE,TRUE,TRUE,TRUE
RKSI,R3_6,R3,R3_6_1,R7_9_1,10,,,,TRUE,TRUE,TRUE,TRUE,TRUE,TRUE
RKSI,R3_5,R3,R3_5_1,R3_6_1,10,,,,TRUE,TRUE,TRUE,TRUE,TRUE,TRUE
RKSI,R3_4,R3,R3_4_1,R3_5_1,10,,,,TRUE,TRUE,TRUE,TRUE,TRUE,TRUE
RKSI,R3_3,R3,R3_3_1,R3_4_1,10,,,,TRUE,TRUE,TRUE,TRUE,TRUE,TRUE
RKSI,R3_2,R3,R3_2_2,R3_2_1,10,,,,TRUE,TRUE,TRUE,TRUE,TRUE,TRUE
RKSI,R3_1,R3,R3_2_1,R3_3_1,10,,,,TRUE,TRUE,TRUE,TRUE,TRUE,TRUE
RKSI,R22_4,R22,R22_4_2,R22_4_1,10,,,,TRUE,TRUE,TRUE,TRUE,TRUE,TRUE
RKSI,R22_3,R22,R22_4_1,R22_3_2,10,,,,TRUE,TRUE,TRUE,TRUE,TRUE,TRUE
RKSI,R22_2,R22,R22_2_1,R22_4_1,10,,,,TRUE,TRUE,TRUE,TRUE,TRUE,TRUE
RKSI,R22_1,R22,R22_4_1,R22_1_1,10,,,,TRUE,TRUE,TRUE,TRUE,TRUE,TRUE
RKSI,R21_2,R21,R9_2_1,R21_2_2,,,,,TRUE,TRUE,TRUE,TRUE,TRUE,TRUE
RKSI,R21_1,R21,R21_1_1,R9_2_1,,,,,TRUE,TRUE,TRUE,TRUE,TRUE,TRUE
RKSI,R20_1,R20,R20_1_2,Unknown_8_1,,,,,TRUE,TRUE,TRUE,TRUE,TRUE,TRUE
RKSI,R2_8,R2,R8_3_1,R2_8_2,,,,,TRUE,TRUE,TRUE,TRUE,TRUE,TRUE
RKSI,R2_7,R2,R7_10_1,R8_3_1,,,,,TRUE,TRUE,TRUE,TRUE,TRUE,TRUE
RKSI,R2_6,R2,R2_6_1,R7_10_1,10,,,,TRUE,TRUE,TRUE,TRUE,TRUE,TRUE
RKSI,R2_5,R2,R2_5_1,R2_6_1,10,,,,TRUE,TRUE,TRUE,TRUE,TRUE,TRUE
RKSI,R2_4,R2,R2_4_1,R2_5_1,10,,,,TRUE,TRUE,TRUE,TRUE,TRUE,TRUE
RKSI,R2_3,R2,R2_3_1,R2_4_1,10,,,,TRUE,TRUE,TRUE,TRUE,TRUE,TRUE
RKSI,R2_2,R2,R2_3_1,R2_2_1,10,,,,TRUE,TRUE,TRUE,TRUE,TRUE,TRUE
RKSI,R2_1,R2,R2_2_1,R3_2_2,10,,,,TRUE,TRUE,TRUE,TRUE,TRUE,TRUE
RKSI,R17_9,R17,R17_9_2,R17_9_1,,,,,TRUE,TRUE,TRUE,TRUE,TRUE,TRUE
RKSI,R17_8,R17,R17_9_1,R17_8_1,,,,,TRUE,TRUE,TRUE,TRUE,TRUE,TRUE
RKSI,R17_7,R17,R17_8_1,R17_7_1,,,,,TRUE,TRUE,TRUE,TRUE,TRUE,TRUE
RKSI,R17_6,R17,R17_7_1,R17_6_1,,,,,TRUE,TRUE,TRUE,TRUE,TRUE,TRUE
RKSI,R17_5,R17,R17_6_1,R17_5_1,,,,,TRUE,TRUE,TRUE,TRUE,TRUE,TRUE
RKSI,R17_4,R17,R17_5_1,R17_4_1,,,,,TRUE,TRUE,TRUE,TRUE,TRUE,TRUE
RKSI,R17_3,R17,R17_3_2,R17_3_1,,,,,TRUE,TRUE,TRUE,TRUE,TRUE,TRUE
RKSI,R17_2,R17,R17_3_1,R17_2_1,,,,,TRUE,TRUE,TRUE,TRUE,TRUE,TRUE
RKSI,R17_119,R17,R17_3_2,R17_4_1,,,,,TRUE,TRUE,TRUE,TRUE,TRUE,TRUE
RKSI,R17_1,R17,R17_2_1,R17_1_1,,,,,TRUE,TRUE,TRUE,TRUE,TRUE,TRUE
RKSI,R16_9,R16,R16_9_2,R16_9_1,,,,,TRUE,TRUE,TRUE,TRUE,TRUE,TRUE
RKSI,R16_8,R16,R16_9_1,R16_8_1,,,,,TRUE,TRUE,TRUE,TRUE,TRUE,TRUE
RKSI,R16_7,R16,R16_8_1,R16_7_1,,,,,TRUE,TRUE,TRUE,TRUE,TRUE,TRUE
RKSI,R16_6,R16,R16_7_1,R16_6_1,,,,,TRUE,TRUE,TRUE,TRUE,TRUE,TRUE
RKSI,R16_5,R16,R16_6_1,R16_5_1,,,,,TRUE,TRUE,TRUE,TRUE,TRUE,TRUE
RKSI,R16_4,R16,R16_5_1,R16_4_1,,,,,TRUE,TRUE,TRUE,TRUE,TRUE,TRUE
RKSI,R16_3,R16,R16_3_2,R16_3_1,,,,,TRUE,TRUE,TRUE,TRUE,TRUE,TRUE
RKSI,R16_2,R16,R16_3_1,R16_2_1,,,,,TRUE,TRUE,TRUE,TRUE,TRUE,TRUE
RKSI,R16_1,R16,R16_2_1,R16_1_1,,,,,TRUE,TRUE,TRUE,TRUE,TRUE,TRUE
RKSI,R12_9,R12,R22_4_2,R22_3_2,10,,,,TRUE,TRUE,TRUE,TRUE,TRUE,TRUE
RKSI,R12_8,R12,R22_3_2,R12_8_1,10,,,,TRUE,TRUE,TRUE,TRUE,TRUE,TRUE
RKSI,R12_7,R12,R12_8_1,R12_7_1,10,,,,TRUE,TRUE,TRUE,TRUE,TRUE,TRUE
RKSI,R12_6,R12,R12_7_1,R12_6_1,10,,,,TRUE,TRUE,TRUE,TRUE,TRUE,TRUE
RKSI,R12_5,R12,R12_6_1,R12_5_1,10,,,,TRUE,TRUE,TRUE,TRUE,TRUE,TRUE
RKSI,R12_4,R12,R12_5_1,R12_4_1,10,,,,TRUE,TRUE,TRUE,TRUE,TRUE,TRUE
RKSI,R12_3,R12,R12_4_1,R12_3_1,10,,,,TRUE,TRUE,TRUE,TRUE,TRUE,TRUE
RKSI,R12_2,R12,R12_3_1,R12_2_1,10,,,,TRUE,TRUE,TRUE,TRUE,TRUE,TRUE
RKSI,R12_16,R12,R12_16_2,R12_16_1,,,,,TRUE,TRUE,TRUE,TRUE,TRUE,TRUE
RKSI,R12_15,R12,R12_16_1,R12_15_1,10,,,,TRUE,TRUE,TRUE,TRUE,TRUE,TRUE
RKSI,R12_14,R12,R12_15_1,R12_14_1,10,,,,TRUE,TRUE,TRUE,TRUE,TRUE,TRUE
RKSI,R12_13,R12,R12_14_1,R12_13_1,10,,,,TRUE,TRUE,TRUE,TRUE,TRUE,TRUE
RKSI,R12_12,R12,R12_13_1,R12_12_1,10,,,,TRUE,TRUE,TRUE,TRUE,TRUE,TRUE
RKSI,R12_11,R12,R12_12_1,R12_11_1,10,,,,TRUE,TRUE,TRUE,TRUE,TRUE,TRUE
RKSI,R12_10,R12,R12_11_1,R22_4_2,10,,,,TRUE,TRUE,TRUE,TRUE,TRUE,TRUE
RKSI,R12_1,R12,R12_2_1,R4_32_2,10,,,,TRUE,TRUE,TRUE,TRUE,TRUE,TRUE
RKSI,R11_9,R11,R11_10_1,R11_9_1,10,,,,TRUE,TRUE,TRUE,TRUE,TRUE,TRUE
RKSI,R11_8,R11,R11_9_1,R11_8_1,10,,,,TRUE,TRUE,TRUE,TRUE,TRUE,TRUE
RKSI,R11_7,R11,R11_8_1,R11_7_1,10,,,,TRUE,TRUE,TRUE,TRUE,TRUE,TRUE
RKSI,R11_6,R11,R11_7_1,R11_6_1,10,,,,TRUE,TRUE,TRUE,TRUE,TRUE,TRUE
RKSI,R11_5,R11,R11_6_1,R11_5_1,10,,,,TRUE,TRUE,TRUE,TRUE,TRUE,TRUE
RKSI,R11_4,R11,R11_5_1,R11_4_1,10,,,,TRUE,TRUE,TRUE,TRUE,TRUE,TRUE
RKSI,R11_19,R11,R11_19_2,R11_19_1,,,,,TRUE,TRUE,TRUE,TRUE,TRUE,TRUE
RKSI,R11_18,R11,R11_19_1,R11_18_1,10,,,,TRUE,TRUE,TRUE,TRUE,TRUE,TRUE
RKSI,R11_17,R11,R11_18_1,R11_17_1,10,,,,TRUE,TRUE,TRUE,TRUE,TRUE,TRUE
RKSI,R11_16,R11,R11_17_1,R11_16_1,10,,,,TRUE,TRUE,TRUE,TRUE,TRUE,TRUE
RKSI,R11_15,R11,R11_16_1,R11_15_1,10,,,,TRUE,TRUE,TRUE,TRUE,TRUE,TRUE
RKSI,R11_14,R11,R11_15_1,R11_14_1,10,,,,TRUE,TRUE,TRUE,TRUE,TRUE,TRUE
RKSI,R11_13,R11,R11_14_1,R11_13_1,10,,,,TRUE,TRUE,TRUE,TRUE,TRUE,TRUE
RKSI,R11_12,R11,R11_13_1,R22_2_1,10,,,,TRUE,TRUE,TRUE,TRUE,TRUE,TRUE
RKSI,R11_11,R11,R22_2_1,R22_1_1,10,,,,TRUE,TRUE,TRUE,TRUE,TRUE,TRUE
RKSI,R11_10,R11,R22_1_1,R11_10_1,10,,,,TRUE,TRUE,TRUE,TRUE,TRUE,TRUE
RKSI,R11_1,R11,R11_4_1,R4_32_1,10,,,,TRUE,TRUE,TRUE,TRUE,TRUE,TRUE
RKSI,R10_9,R10,R10_10_1,R21_2_2,10,,,,TRUE,TRUE,TRUE,TRUE,TRUE,TRUE
RKSI,R10_8,R10,R21_2_2,R10_8_1,10,,,,TRUE,TRUE,TRUE,TRUE,TRUE,TRUE
RKSI,R10_7,R10,R10_8_1,R10_7_1,10,,,,TRUE,TRUE,TRUE,TRUE,TRUE,TRUE
RKSI,R10_6,R10,R10_7_1,R10_6_1,10,,,,TRUE,TRUE,TRUE,TRUE,TRUE,TRUE
RKSI,R10_5,R10,R10_6_1,R10_5_1,10,,,,TRUE,TRUE,TRUE,TRUE,TRUE,TRUE
RKSI,R10_4,R10,R10_5_1,R10_4_1,10,,,,TRUE,TRUE,TRUE,TRUE,TRUE,TRUE
RKSI,R10_3,R10,R10_4_1,R10_3_1,10,,,,TRUE,TRUE,TRUE,TRUE,TRUE,TRUE
RKSI,R10_2,R10,R10_3_1,R10_2_1,10,,,,TRUE,TRUE,TRUE,TRUE,TRUE,TRUE
RKSI,R10_17,R10,R10_17_2,R10_17_1,,,,,TRUE,TRUE,TRUE,TRUE,TRUE,TRUE
RKSI,R10_16,R10,R10_17_1,R10_16_1,10,,,,TRUE,TRUE,TRUE,TRUE,TRUE,TRUE
RKSI,R10_15,R10,R10_16_1,R10_15_1,10,,,,TRUE,TRUE,TRUE,TRUE,TRUE,TRUE
RKSI,R10_14,R10,R10_15_1,R10_14_1,10,,,,TRUE,TRUE,TRUE,TRUE,TRUE,TRUE
RKSI,R10_13,R10,R10_14_1,R10_13_1,10,,,,TRUE,TRUE,TRUE,TRUE,TRUE,TRUE
RKSI,R10_12,R10,R10_13_1,R10_12_1,10,,,,TRUE,TRUE,TRUE,TRUE,TRUE,TRUE
RKSI,R10_11,R10,R10_12_1,R10_11_1,10,,,,TRUE,TRUE,TRUE,TRUE,TRUE,TRUE
RKSI,R10_10,R10,R10_11_1,R10_10_1,10,,,,TRUE,TRUE,TRUE,TRUE,TRUE,TRUE
RKSI,R10_1,R10,R10_2_1,R4_29_1,10,,,,TRUE,TRUE,TRUE,TRUE,TRUE,TRUE
RKSI,R1_9,R1,R1_9_1,R1_10_1,10,,,,TRUE,TRUE,TRUE,TRUE,TRUE,TRUE
RKSI,R1_8,R1,R1_8_1,R1_9_1,10,,,,TRUE,TRUE,TRUE,TRUE,TRUE,TRUE
RKSI,R1_7,R1,R1_7_1,R1_8_1,10,,,,TRUE,TRUE,TRUE,TRUE,TRUE,TRUE
RKSI,R1_6,R1,R1_6_1,R1_7_1,10,,,,TRUE,TRUE,TRUE,TRUE,TRUE,TRUE
RKSI,R1_5,R1,R1_5_1,R1_6_1,10,,,,TRUE,TRUE,TRUE,TRUE,TRUE,TRUE
RKSI,R1_4,R1,R1_5_1,R1_4_1,10,,,,TRUE,TRUE,TRUE,TRUE,TRUE,TRUE
RKSI,R1_38,R1,R1_38_1,R1_38_2,,,,,TRUE,TRUE,TRUE,TRUE,TRUE,TRUE
RKSI,R1_37,R1,R12_16_2,R1_38_1,,,,,TRUE,TRUE,TRUE,TRUE,TRUE,TRUE
RKSI,R1_36,R1,R11_19_2,R12_16_2,,,,,TRUE,TRUE,TRUE,TRUE,TRUE,TRUE
RKSI,R1_35,R1,R1_35_1,R11_19_2,,,,,TRUE,TRUE,TRUE,TRUE,TRUE,TRUE
RKSI,R1_34,R1,R1_34_1,R1_35_1,,,,,TRUE,TRUE,TRUE,TRUE,TRUE,TRUE
RKSI,R1_33,R1,R10_17_2,R1_34_1,,,,,TRUE,TRUE,TRUE,TRUE,TRUE,TRUE
RKSI,R1_32,R1,R9_2_2,R10_17_2,,,,,TRUE,TRUE,TRUE,TRUE,TRUE,TRUE
RKSI,R1_31,R1,R1_31_1,R9_2_2,,,,,TRUE,TRUE,TRUE,TRUE,TRUE,TRUE
RKSI,R1_30,R1,R1_30_1,R1_31_1,10,,,,TRUE,TRUE,TRUE,TRUE,TRUE,TRUE
RKSI,R1_3,R1,R1_4_1,R1_3_1,10,,,,TRUE,TRUE,TRUE,TRUE,TRUE,TRUE
RKSI,R1_29,R1,R1_29_1,R1_30_1,10,,,,TRUE,TRUE,TRUE,TRUE,TRUE,TRUE
RKSI,R1_28,R1,R1_28_1,R1_29_1,10,,,,TRUE,TRUE,TRUE,TRUE,TRUE,TRUE
RKSI,R1_26,R1,R1_26_1,R1_28_1,10,,,,TRUE,TRUE,TRUE,TRUE,TRUE,TRUE
RKSI,R1_25,R1,R1_26_1,R1_25_1,10,,,,TRUE,TRUE,TRUE,TRUE,TRUE,TRUE
RKSI,R1_24,R1,R8_3_2,R1_25_1,,,,,TRUE,TRUE,TRUE,TRUE,TRUE,TRUE
RKSI,R1_23,R1,R7_14_2,R8_3_2,,,,,TRUE,TRUE,TRUE,TRUE,TRUE,TRUE
RKSI,R1_22,R1,R1_22_1,R7_14_2,10,,,,TRUE,TRUE,TRUE,TRUE,TRUE,TRUE
RKSI,R1_21,R1,R1_21_1,R1_22_1,10,,,,TRUE,TRUE,TRUE,TRUE,TRUE,TRUE
RKSI,R1_20,R1,R1_20_1,R1_21_1,10,,,,TRUE,TRUE,TRUE,TRUE,TRUE,TRUE
RKSI,R1_2,R1,R1_3_1,R1_2_1,10,,,,TRUE,TRUE,TRUE,TRUE,TRUE,TRUE
RKSI,R1_19,R1,R1_19_1,R1_20_1,10,,,,TRUE,TRUE,TRUE,TRUE,TRUE,TRUE
RKSI,R1_18,R1,R1_18_1,R1_19_1,10,,,,TRUE,TRUE,TRUE,TRUE,TRUE,TRUE
RKSI,R1_17,R1,R1_17_1,R1_18_1,10,,,,TRUE,TRUE,TRUE,TRUE,TRUE,TRUE
RKSI,R1_16,R1,R1_16_1,R1_17_1,10,,,,TRUE,TRUE,TRUE,TRUE,TRUE,TRUE
RKSI,R1_15,R1,R1_15_1,R1_16_1,10,,,,TRUE,TRUE,TRUE,TRUE,TRUE,TRUE
RKSI,R1_14,R1,R1_14_1,R1_15_1,10,,,,TRUE,TRUE,TRUE,TRUE,TRUE,TRUE
RKSI,R1_13,R1,R1_13_1,R1_14_1,10,,,,TRUE,TRUE,TRUE,TRUE,TRUE,TRUE
RKSI,R1_12,R1,R1_12_1,R1_13_1,10,,,,TRUE,TRUE,TRUE,TRUE,TRUE,TRUE
RKSI,R1_11,R1,R1_11_1,R1_12_1,10,,,,TRUE,TRUE,TRUE,TRUE,TRUE,TRUE
RKSI,R1_10,R1,R1_10_1,R1_11_1,10,,,,TRUE,TRUE,TRUE,TRUE,TRUE,TRUE
RKSI,R1_1,R1,R1_2_1,R1_1_1,10,,,,TRUE,TRUE,TRUE,TRUE,TRUE,TRUE
RKSI,N8_1,N8,N8_1_2,RWY3_11_2,,,,,TRUE,TRUE,TRUE,TRUE,TRUE,TRUE
RKSI,N7_1,N7,N7_1_2,RWY3_11_1,,,,,TRUE,TRUE,TRUE,TRUE,TRUE,TRUE
RKSI,N6_1,N6,RWY3_8_1,N6_1_2,45,,,,TRUE,TRUE,TRUE,TRUE,TRUE,TRUE
RKSI,N5_3,N5,N5_3_1,N5_3_2,,,,,TRUE,TRUE,TRUE,TRUE,TRUE,TRUE
RKSI,N5_2,N5,N5_2_2,N5_3_1,,,,,TRUE,TRUE,TRUE,TRUE,TRUE,TRUE
RKSI,N5_1,N5,RWY3_7_1,N5_3_1,45,,,,TRUE,TRUE,TRUE,TRUE,TRUE,TRUE
RKSI,N4_2,N4,N4_2_2,RWY3_6_1,,,,,TRUE,TRUE,TRUE,TRUE,TRUE,TRUE
RKSI,N4_1,N4,RWY3_6_1,N4_1_1,,,,,TRUE,TRUE,TRUE,TRUE,TRUE,TRUE
RKSI,N3_3,N3,N3_3_1,RWY3_5_1,45,,,,TRUE,TRUE,TRUE,TRUE,TRUE,TRUE
RKSI,N3_2,N3,N3_2_2,N3_3_1,,,,,TRUE,TRUE,TRUE,TRUE,TRUE,TRUE
RKSI,N3_1,N3,N3_1_1,N3_3_1,,,,,TRUE,TRUE,TRUE,TRUE,TRUE,TRUE
RKSI,N2_3,N2,N2_3_1,RWY3_4_1,45,,,,TRUE,TRUE,TRUE,TRUE,TRUE,TRUE
RKSI,N2_2,N2,N2_2_2,N2_3_1,,,,,TRUE,TRUE,TRUE,TRUE,TRUE,TRUE
RKSI,N2_1,N2,N2_1_1,N2_3_1,,,,,TRUE,TRUE,TRUE,TRUE,TRUE,TRUE
RKSI,N1_1,N1,N1_1_2,RWY3_2_1,,,,,TRUE,TRUE,TRUE,TRUE,TRUE,TRUE
RKSI,N_1,N,N_1_1,N_2_1,,,,,TRUE,TRUE,TRUE,TRUE,TRUE,TRUE
RKSI,N_10,N,N_10_1,N_11_1,,1,1,,TRUE,TRUE,TRUE,TRUE,TRUE,TRUE
RKSI,N_11,N,N_11_1,N2_1_1,,1,,,TRUE,TRUE,TRUE,TRUE,TRUE,TRUE
RKSI,N_12,N,N2_1_1,N2_2_2,,1,,,TRUE,TRUE,TRUE,TRUE,TRUE,TRUE
RKSI,N_13,N,N2_2_2,N_14_1,,1,,,TRUE,TRUE,TRUE,TRUE,TRUE,TRUE
RKSI,N_14,N,N_14_1,N_15_1,,1,,,TRUE,TRUE,TRUE,TRUE,TRUE,TRUE
RKSI,N_15,N,N_15_1,N3_1_1,,1,,,TRUE,TRUE,TRUE,TRUE,TRUE,TRUE
RKSI,N_16,N,N3_1_1,N3_2_2,,1,,,TRUE,TRUE,TRUE,TRUE,TRUE,TRUE
RKSI,N_17,N,N3_2_2,N_18_1,,1,,,TRUE,TRUE,TRUE,TRUE,TRUE,TRUE
RKSI,N_18,N,N_18_1,N4_2_2,,1,,,TRUE,TRUE,TRUE,TRUE,TRUE,TRUE
RKSI,N_19,N,N4_2_2,N_20_1,,1,,,TRUE,TRUE,TRUE,TRUE,TRUE,TRUE
RKSI,N_2,N,N_2_1,N_3_1,,,,,TRUE,TRUE,TRUE,TRUE,TRUE,TRUE
RKSI,N_20,N,N_20_1,N5_2_2,,1,,,TRUE,TRUE,TRUE,TRUE,TRUE,TRUE
RKSI,N_21,N,N5_2_2,N_22_1,,1,,,TRUE,TRUE,TRUE,TRUE,TRUE,TRUE
RKSI,N_22,N,N_22_1,N5_3_2,,1,,,TRUE,TRUE,TRUE,TRUE,TRUE,TRUE
RKSI,N_23,N,N5_3_2,N6_1_2,,1,,,TRUE,TRUE,TRUE,TRUE,TRUE,TRUE
RKSI,N_24,N,N6_1_2,U_2_2,,1,,,TRUE,TRUE,TRUE,TRUE,TRUE,TRUE
RKSI,N_25,N,U_2_2,N_26_1,,1,,,TRUE,TRUE,TRUE,TRUE,TRUE,TRUE
RKSI,N_26,N,N_26_1,V_2_2,,,,,TRUE,TRUE,TRUE,TRUE,TRUE,TRUE
RKSI,N_27,N,V_2_2,N7_1_2,,,,,TRUE,TRUE,TRUE,TRUE,TRUE,TRUE
RKSI,N_28,N,N7_1_2,N8_1_2,,,,,TRUE,TRUE,TRUE,TRUE,TRUE,TRUE
RKSI,N_3,N,N_3_1,N_4_1,,,,,TRUE,TRUE,TRUE,TRUE,TRUE,TRUE
RKSI,N_4,N,N_4_1,N_5_1,,,,,TRUE,TRUE,TRUE,TRUE,TRUE,TRUE
RKSI,N_5,N,N_5_1,N_6_1,,,,,TRUE,TRUE,TRUE,TRUE,TRUE,TRUE
RKSI,N_6,N,N_6_1,N_7_1,,,,,TRUE,TRUE,TRUE,TRUE,TRUE,TRUE
RKSI,N_7,N,N_7_1,N_8_1,,,,,TRUE,TRUE,TRUE,TRUE,TRUE,TRUE
RKSI,N_8,N,N_8_1,N_9_1,,,,,TRUE,TRUE,TRUE,TRUE,TRUE,TRUE
RKSI,N_9,N,N_9_1,N_10_1,,1,1,,TRUE,TRUE,TRUE,TRUE,TRUE,TRUE
RKSI,M_1,M,M5_3_1,M6_3_1,,,,,TRUE,TRUE,TRUE,TRUE,TRUE,TRUE
RKSI,M_10,M,M14_1_2,M15_1_2,,,,,TRUE,TRUE,TRUE,TRUE,TRUE,TRUE
RKSI,M_11,M,M15_1_2,R16_1_1,,,,,TRUE,TRUE,TRUE,TRUE,TRUE,TRUE
RKSI,M_12,M,R16_1_1,R17_1_1,,,,,TRUE,TRUE,TRUE,TRUE,TRUE,TRUE
RKSI,M_13,M,R17_1_1,M_14_1,,,,,TRUE,TRUE,TRUE,TRUE,TRUE,TRUE
RKSI,M_14,M,M_14_1,M18_1_2,,,,,TRUE,TRUE,TRUE,TRUE,TRUE,TRUE
RKSI,M_15,M,M18_1_2,M19_1_2,,,,,TRUE,TRUE,TRUE,TRUE,TRUE,TRUE
RKSI,M_16,M,M19_1_2,M_16_2,,,,,TRUE,TRUE,TRUE,TRUE,TRUE,TRUE
RKSI,M_2,M,M6_3_1,M7_2_1,,,,,TRUE,TRUE,TRUE,TRUE,TRUE,TRUE
RKSI,M_3,M,M7_2_1,M8_2_1,,,,,TRUE,TRUE,TRUE,TRUE,TRUE,TRUE
RKSI,M_4,M,M8_2_1,M9_2_1,,,,,TRUE,TRUE,TRUE,TRUE,TRUE,TRUE
RKSI,M_5,M,M9_2_1,M10_2_1,,,,,TRUE,TRUE,TRUE,TRUE,TRUE,TRUE
RKSI,M_6,M,M10_2_1,M11_2_1,,,,,TRUE,TRUE,TRUE,TRUE,TRUE,TRUE
RKSI,M_7,M,M11_2_1,M12_2_1,,,,,TRUE,TRUE,TRUE,TRUE,TRUE,TRUE
RKSI,M_8,M,M12_2_1,M13_1_2,,,,,TRUE,TRUE,TRUE,TRUE,TRUE,TRUE
RKSI,M_9,M,M13_1_2,M14_1_2,,,,,TRUE,TRUE,TRUE,TRUE,TRUE,TRUE
RKSI,M10_1,M10,M10_2_1,N_15_1,,,,,TRUE,TRUE,TRUE,TRUE,TRUE,TRUE
RKSI,M10_2,M10,R4_29_1,M10_2_1,,,1,,TRUE,TRUE,TRUE,TRUE,TRUE,TRUE
RKSI,M11_1,M11,M11_2_1,N_18_1,,,,,TRUE,TRUE,TRUE,TRUE,TRUE,TRUE
RKSI,M11_2,M11,R4_32_1,M11_2_1,,,,,TRUE,TRUE,TRUE,TRUE,TRUE,TRUE
RKSI,M12_1,M12,M12_2_1,N_20_1,,,,,TRUE,TRUE,TRUE,TRUE,TRUE,TRUE
RKSI,M12_2,M12,R4_32_2,M12_2_1,,,,,TRUE,TRUE,TRUE,TRUE,TRUE,TRUE
RKSI,M13_1,M13,M13_1_2,N_22_1,,,,,TRUE,TRUE,TRUE,TRUE,TRUE,TRUE
RKSI,M14_1,M14,M14_1_2,N5_3_2,,,,,TRUE,TRUE,TRUE,TRUE,TRUE,TRUE
RKSI,M15_1,M15,M15_1_2,N6_1_2,,,,,TRUE,TRUE,TRUE,TRUE,TRUE,TRUE
RKSI,M16_1,M16,R16_1_1,N_26_1,,,,,TRUE,TRUE,TRUE,TRUE,TRUE,TRUE
RKSI,M17_1,M17,R17_1_1,V_2_2,,,,,TRUE,TRUE,TRUE,TRUE,TRUE,TRUE
RKSI,M18_1,M18,M18_1_2,N7_1_2,,,,,TRUE,TRUE,TRUE,TRUE,TRUE,TRUE
RKSI,M19_1,M19,M19_1_2,N8_1_2,,,,,TRUE,TRUE,TRUE,TRUE,TRUE,TRUE
RKSI,M5_1,M5,N_7_1,S_2_2,,,,,TRUE,TRUE,TRUE,TRUE,TRUE,TRUE
RKSI,M5_2,M5,M5_3_1,N_7_1,,,,,TRUE,TRUE,TRUE,TRUE,TRUE,TRUE
RKSI,M5_3,M5,R6_8_1,M5_3_1,,,,,TRUE,TRUE,TRUE,TRUE,TRUE,TRUE
RKSI,M6_1,M6,N_8_1,N1_1_2,,,,,TRUE,TRUE,TRUE,TRUE,TRUE,TRUE
RKSI,M6_2,M6,M6_3_1,N_8_1,,,,,TRUE,TRUE,TRUE,TRUE,TRUE,TRUE
RKSI,M6_3,M6,R6_10_1,M6_3_1,,,,,TRUE,TRUE,TRUE,TRUE,TRUE,TRUE
RKSI,M6_4,M6,R4_13_1,R6_10_1,10,,,,TRUE,TRUE,TRUE,TRUE,TRUE,TRUE
RKSI,M7_1,M7,M7_2_1,N_9_1,,,1,,TRUE,TRUE,TRUE,TRUE,TRUE,TRUE
RKSI,M7_2,M7,R6_10_2,M7_2_1,,,,,TRUE,TRUE,TRUE,TRUE,TRUE,TRUE
RKSI,M7_3,M7,R7_1_1,R6_10_2,,,,,TRUE,TRUE,TRUE,TRUE,TRUE,TRUE
RKSI,M8_1,M8,M8_2_1,N_11_1,,,1,,TRUE,TRUE,TRUE,TRUE,TRUE,TRUE
RKSI,M8_2,M8,R8_1_1,M8_2_1,,,1,,TRUE,TRUE,TRUE,TRUE,TRUE,TRUE
RKSI,M9_1,M9,M9_2_1,N_14_1,,,,,TRUE,TRUE,TRUE,TRUE,TRUE,TRUE
RKSI,M9_2,M9,R9_1_1,M9_2_1,,,1,,TRUE,TRUE,TRUE,TRUE,TRUE,TRUE
RKSI,L_4,L,L_4_2,RWY2_7_2,,,,,TRUE,TRUE,TRUE,TRUE,TRUE,TRUE
RKSI,L_3,L,RWY2_7_2,L_3_1,,,,,TRUE,TRUE,TRUE,TRUE,TRUE,TRUE
RKSI,L_2,L,L_3_1,RWY1_10_2,,,,,TRUE,TRUE,TRUE,TRUE,TRUE,TRUE
RKSI,L_1,L,RWY1_10_2,L_1_1,,,,,TRUE,TRUE,TRUE,TRUE,TRUE,TRUE
RKSI,K_4,K,K_4_2,RWY2_7_1,,,,,TRUE,TRUE,TRUE,TRUE,TRUE,TRUE
RKSI,K_3,K,RWY2_7_1,K_3_1,,,,,TRUE,TRUE,TRUE,TRUE,TRUE,TRUE
RKSI,K_2,K,K_3_1,RWY1_9_1,,,,,TRUE,TRUE,TRUE,TRUE,TRUE,TRUE
RKSI,K_1,K,RWY1_9_1,K_1_1,,,,,TRUE,TRUE,TRUE,TRUE,TRUE,TRUE
RKSI,J_4,J,RWY2_2_1,J_4_2,,,,,TRUE,TRUE,TRUE,TRUE,TRUE,TRUE
RKSI,J_3,J,RWY2_2_1,J_3_1,,,,,TRUE,TRUE,TRUE,TRUE,TRUE,TRUE
RKSI,J_2,J,J_3_1,RWY1_3_1,,,,,TRUE,TRUE,TRUE,TRUE,TRUE,TRUE
RKSI,J_1,J,RWY1_3_1,J_1_1,,,,,TRUE,TRUE,TRUE,TRUE,TRUE,TRUE
RKSI,G_4,G,RWY2_1_1,G_4_2,,,,,TRUE,TRUE,TRUE,TRUE,TRUE,TRUE
RKSI,G_3,G,G_3_1,RWY2_1_1,,,,,TRUE,TRUE,TRUE,TRUE,TRUE,TRUE
RKSI,G_2,G,RWY1_1_1,G_3_1,,,,,TRUE,TRUE,TRUE,TRUE,TRUE,TRUE
RKSI,G_1,G,RWY1_1_1,G_1_1,,,,,TRUE,TRUE,TRUE,TRUE,TRUE,TRUE
RKSI,D6_3,D6,D6_3_1,K_4_2,,,,,TRUE,TRUE,TRUE,TRUE,TRUE,TRUE
RKSI,D6_2,D6,D6_2_2,D6_3_1,,,,,TRUE,TRUE,TRUE,TRUE,TRUE,TRUE
RKSI,D6_1,D6,RWY2_6_1,D6_3_1,45,,,,TRUE,TRUE,TRUE,TRUE,TRUE,TRUE
RKSI,D5_1,D5,D5_1_2,D5_1_1,,,,,TRUE,TRUE,TRUE,TRUE,TRUE,TRUE
RKSI,D4_1,D4,D4_1_2,D4_1_1,,,,,TRUE,TRUE,TRUE,TRUE,TRUE,TRUE
RKSI,D3_2,D3,D3_2_1,D3_2_2,,,,,TRUE,TRUE,TRUE,TRUE,TRUE,TRUE
RKSI,D3_1,D3,D3_1_1,D3_2_1,,,,,TRUE,TRUE,TRUE,TRUE,TRUE,TRUE
RKSI,D2_2,D2,D2_2_2,D2_2_1,,,,,TRUE,TRUE,TRUE,TRUE,TRUE,TRUE
RKSI,D2_1,D2,D2_1_1,D2_2_2,,,,,TRUE,TRUE,TRUE,TRUE,TRUE,TRUE
RKSI,D1_5,D1,D1_5_1,RWY2_3_1,45,,,,TRUE,TRUE,TRUE,TRUE,TRUE,TRUE
RKSI,D1_4,D1,D1_4_2,D1_5_1,,,,,TRUE,TRUE,TRUE,TRUE,TRUE,TRUE
RKSI,D1_3,D1,D1_3_1,D1_5_1,,,,,TRUE,TRUE,TRUE,TRUE,TRUE,TRUE
RKSI,D1_2,D1,D1_3_1,D2_1_1,,,,,TRUE,TRUE,TRUE,TRUE,TRUE,TRUE
RKSI,D1_1,D1,D1_3_1,J_4_2,,,,,TRUE,TRUE,TRUE,TRUE,TRUE,TRUE
RKSI,D_9,D,D4_1_1,D5_1_1,,,,,TRUE,TRUE,TRUE,TRUE,TRUE,TRUE
RKSI,D_8,D,D_8_1,D4_1_1,,,,,TRUE,TRUE,TRUE,TRUE,TRUE,TRUE
RKSI,D_7,D,D3_1_1,D_8_1,,,,,TRUE,TRUE,TRUE,TRUE,TRUE,TRUE
RKSI,D_6,D,D3_1_1,D1_4_2,,,,,TRUE,TRUE,TRUE,TRUE,TRUE,TRUE
RKSI,D_5,D,D1_4_2,D2_1_1,,,,,TRUE,TRUE,TRUE,TRUE,TRUE,TRUE
RKSI,D_4,D,D2_1_1,J_4_2,,,,,TRUE,TRUE,TRUE,TRUE,TRUE,TRUE
RKSI,D_3,D,J_4_2,G_4_2,,,,,TRUE,TRUE,TRUE,TRUE,TRUE,TRUE
RKSI,D_2,D,G_4_2,D_2_1,,,,,TRUE,TRUE,TRUE,TRUE,TRUE,TRUE
RKSI,D_14,D,L_4_2,D_14_2,,,,,TRUE,TRUE,TRUE,TRUE,TRUE,TRUE
RKSI,D_13,D,D_13_1,L_4_2,,,,,TRUE,TRUE,TRUE,TRUE,TRUE,TRUE
RKSI,D_12,D,K_4_2,D_13_1,,,,,TRUE,TRUE,TRUE,TRUE,TRUE,TRUE
RKSI,D_11,D,D6_2_2,K_4_2,,,,,TRUE,TRUE,TRUE,TRUE,TRUE,TRUE
RKSI,D_10,D,D5_1_1,D6_2_2,,,,,TRUE,TRUE,TRUE,TRUE,TRUE,TRUE
RKSI,D_1,D,D_2_1,D_1_1,,,,,TRUE,TRUE,TRUE,TRUE,TRUE,TRUE
RKSI,C5_3,C5,C5_3_1,C5_3_2,,,,,TRUE,TRUE,TRUE,TRUE,TRUE,TRUE
RKSI,C5_2,C5,C5_3_1,C5_2_1,,,,,TRUE,TRUE,TRUE,TRUE,TRUE,TRUE
RKSI,C5_1,C5,RWY2_6_1,C5_3_1,45,,,,TRUE,TRUE,TRUE,TRUE,TRUE,TRUE
RKSI,C4_3,C4,C4_3_1,C4_3_2,,,,,TRUE,TRUE,TRUE,TRUE,TRUE,TRUE
RKSI,C4_2,C4,C4_3_1,C4_2_1,,,,,TRUE,TRUE,TRUE,TRUE,TRUE,TRUE
RKSI,C4_1,C4,RWY2_5_1,C4_3_1,45,,,,TRUE,TRUE,TRUE,TRUE,TRUE,TRUE
RKSI,C3_1,C3,C3_1_2,RWY1_6_1,45,,,,TRUE,TRUE,TRUE,TRUE,TRUE,TRUE
RKSI,C2_3,C2,C2_3_1,RWY2_4_1,45,,,,TRUE,TRUE,TRUE,TRUE,TRUE,TRUE
RKSI,C2_2,C2,C2_3_1,C2_2_1,,,,,TRUE,TRUE,TRUE,TRUE,TRUE,TRUE
RKSI,C2_1,C2,C2_1_1,C2_3_1,,,,,TRUE,TRUE,TRUE,TRUE,TRUE,TRUE
RKSI,C1_3,C1,C1_3_1,RWY2_3_1,45,,,,TRUE,TRUE,TRUE,TRUE,TRUE,TRUE
RKSI,C1_2,C1,C1_3_1,C1_2_1,,,,,TRUE,TRUE,TRUE,TRUE,TRUE,TRUE
RKSI,C1_1,C1,C1_1_1,C1_3_1,,,,,TRUE,TRUE,TRUE,TRUE,TRUE,TRUE
RKSI,C_9,C,C4_3_2,C5_2_1,,,,,TRUE,TRUE,TRUE,TRUE,TRUE,TRUE
RKSI,C_8,C,C4_2_1,C4_3_2,,,,,TRUE,TRUE,TRUE,TRUE,TRUE,TRUE
RKSI,C_7,C,C3_1_2,C4_2_1,,2,2,,TRUE,TRUE,TRUE,TRUE,TRUE,TRUE
RKSI,C_6,C,C2_2_1,C3_1_2,,,,,TRUE,TRUE,TRUE,TRUE,TRUE,TRUE
RKSI,C_5,C,C2_1_1,C2_2_1,,,,,TRUE,TRUE,TRUE,TRUE,TRUE,TRUE
RKSI,C_4,C,C1_2_1,C2_1_1,,,,,TRUE,TRUE,TRUE,TRUE,TRUE,TRUE
RKSI,C_3,C,C1_1_1,C1_2_1,,,,,TRUE,TRUE,TRUE,TRUE,TRUE,TRUE
RKSI,C_2,C,J_3_1,C1_1_1,,,,,TRUE,TRUE,TRUE,TRUE,TRUE,TRUE
RKSI,C_12,C,K_3_1,L_3_1,,,,,TRUE,TRUE,TRUE,TRUE,TRUE,TRUE
RKSI,C_11,C,C5_3_2,K_3_1,,,,,TRUE,TRUE,TRUE,TRUE,TRUE,TRUE
RKSI,C_10,C,C5_2_1,C5_3_2,,,,,TRUE,TRUE,TRUE,TRUE,TRUE,TRUE
RKSI,C_1,C,G_3_1,J_3_1,,,,,TRUE,TRUE,TRUE,TRUE,TRUE,TRUE
RKSI,B7_1,B7,RWY1_10_1,B7_1_1,,,,,TRUE,TRUE,TRUE,TRUE,TRUE,TRUE
RKSI,B6_1,B6,RWY1_8_1,B6_1_2,,,,,TRUE,TRUE,TRUE,TRUE,TRUE,TRUE
RKSI,B5_1,B5,RWY1_7_1,B5_1_2,,,,,TRUE,TRUE,TRUE,TRUE,TRUE,TRUE
RKSI,B4_1,B4,RWY1_6_1,B4_1_1,,,,,TRUE,TRUE,TRUE,TRUE,TRUE,TRUE
RKSI,B3_3,B3,B3_3_1,RWY1_5_1,,,,,TRUE,TRUE,TRUE,TRUE,TRUE,TRUE
RKSI,B3_2,B3,B3_3_1,B3_2_1,,,,,TRUE,TRUE,TRUE,TRUE,TRUE,TRUE
RKSI,B3_1,B3,B3_1_1,B3_3_1,,,,,TRUE,TRUE,TRUE,TRUE,TRUE,TRUE
RKSI,B2_3,B2,B2_3_1,RWY1_4_1,,,,,TRUE,TRUE,TRUE,TRUE,TRUE,TRUE
RKSI,B2_2,B2,B2_3_1,B2_2_1,,,,,TRUE,TRUE,TRUE,TRUE,TRUE,TRUE
RKSI,B2_1,B2,B2_1_1,B2_3_1,,,,,TRUE,TRUE,TRUE,TRUE,TRUE,TRUE
RKSI,B1_1,B1,RWY1_2_1,B1_1_1,,,,,TRUE,TRUE,TRUE,TRUE,TRUE,TRUE
RKSI,B_9,B,B2_1_1,B2_2_1,,1,,,TRUE,TRUE,TRUE,TRUE,TRUE,TRUE
RKSI,B_8,B,J_1_1,B2_1_1,,1,,,TRUE,TRUE,TRUE,TRUE,TRUE,TRUE
RKSI,B_7,B,B_7_1,J_1_1,,1,,,TRUE,TRUE,TRUE,TRUE,TRUE,TRUE
RKSI,B_6,B,B_6_1,B_7_1,,,,,TRUE,TRUE,TRUE,TRUE,TRUE,TRUE
RKSI,B_5,B,B1_1_1,B_6_1,,,,,TRUE,TRUE,TRUE,TRUE,TRUE,TRUE
RKSI,B_4,B,G_1_1,B1_1_1,,,,,TRUE,TRUE,TRUE,TRUE,TRUE,TRUE
RKSI,B_3,B,B_3_1,G_1_1,,,,,TRUE,TRUE,TRUE,TRUE,TRUE,TRUE
RKSI,B_24,B,B7_1_1,L_1_1,,,,,TRUE,TRUE,TRUE,TRUE,TRUE,TRUE
RKSI,B_23,B,B_23_1,B7_1_1,,,,,TRUE,TRUE,TRUE,TRUE,TRUE,TRUE
RKSI,B_22,B,K_1_1,B_23_1,,,,,TRUE,TRUE,TRUE,TRUE,TRUE,TRUE
RKSI,B_21,B,B6_1_2,K_1_1,,,,,TRUE,TRUE,TRUE,TRUE,TRUE,TRUE
RKSI,B_20,B,B5_1_2,B6_1_2,,1,,,TRUE,TRUE,TRUE,TRUE,TRUE,TRUE
RKSI,B_2,B,B_2_1,B_3_1,,,,,TRUE,TRUE,TRUE,TRUE,TRUE,TRUE
RKSI,B_19,B,B_19_1,B5_1_2,,1,,,TRUE,TRUE,TRUE,TRUE,TRUE,TRUE
RKSI,B_18,B,B_18_1,B_19_1,,1,,,TRUE,TRUE,TRUE,TRUE,TRUE,TRUE
RKSI,B_17,B,B_17_1,B_18_1,,1,,,TRUE,TRUE,TRUE,TRUE,TRUE,TRUE
RKSI,B_16,B,B4_1_1,B_17_1,,1,,,TRUE,TRUE,TRUE,TRUE,TRUE,TRUE
RKSI,B_15,B,B_15_1,B4_1_1,,1,,,TRUE,TRUE,TRUE,TRUE,TRUE,TRUE
RKSI,B_14,B,B_14_1,B_15_1,,1,,,TRUE,TRUE,TRUE,TRUE,TRUE,TRUE
RKSI,B_13,B,B_13_1,B_14_1,,1,,,TRUE,TRUE,TRUE,TRUE,TRUE,TRUE
RKSI,B_12,B,B3_2_1,B_13_1,,1,,,TRUE,TRUE,TRUE,TRUE,TRUE,TRUE
RKSI,B_11,B,B3_1_1,B3_2_1,,1,,,TRUE,TRUE,TRUE,TRUE,TRUE,TRUE
RKSI,B_10,B,B2_2_1,B3_1_1,,1,,,TRUE,TRUE,TRUE,TRUE,TRUE,TRUE
RKSI,B_1,B,B_1_1,B_2_1,,,,,TRUE,TRUE,TRUE,TRUE,TRUE,TRUE
RKSI,AS_9,AS,AS_10_1,AS_9_1,10,,,,TRUE,TRUE,TRUE,TRUE,TRUE,TRUE
RKSI,AS_8,AS,AS_9_1,AS_8_1,10,,,,TRUE,TRUE,TRUE,TRUE,TRUE,TRUE
RKSI,AS_7,AS,AS_8_1,R3_8_2,10,,,,TRUE,TRUE,TRUE,TRUE,TRUE,TRUE
RKSI,AS_6,AS,R3_8_2,AS_6_1,10,,,,TRUE,TRUE,TRUE,TRUE,TRUE,TRUE
RKSI,AS_5,AS,AS_6_1,AS_5_1,10,,,,TRUE,TRUE,TRUE,TRUE,TRUE,TRUE
RKSI,AS_4,AS,AS_5_1,AS_4_1,10,,,,TRUE,TRUE,TRUE,TRUE,TRUE,TRUE
RKSI,AS_3,AS,AS_4_1,AS_3_1,10,,,,TRUE,TRUE,TRUE,TRUE,TRUE,TRUE
RKSI,AS_2,AS,AS_3_1,AS_2_1,10,,,,TRUE,TRUE,TRUE,TRUE,TRUE,TRUE
RKSI,AS_18,AS,R1_25_1,AS_18_1,10,,,,TRUE,TRUE,TRUE,TRUE,TRUE,TRUE
RKSI,AS_17,AS,AS_18_1,AS_17_1,10,,,,TRUE,TRUE,TRUE,TRUE,TRUE,TRUE
RKSI,AS_16,AS,AS_17_1,AS_16_1,10,,,,TRUE,TRUE,TRUE,TRUE,TRUE,TRUE
RKSI,AS_15,AS,AS_16_1,AS_15_1,10,,,,TRUE,TRUE,TRUE,TRUE,TRUE,TRUE
RKSI,AS_14,AS,AS_15_1,AS_14_1,10,,,,TRUE,TRUE,TRUE,TRUE,TRUE,TRUE
RKSI,AS_13,AS,AS_14_1,AS_13_1,10,,,,TRUE,TRUE,TRUE,TRUE,TRUE,TRUE
RKSI,AS_12,AS,AS_13_1,R2_8_2,10,,,,TRUE,TRUE,TRUE,TRUE,TRUE,TRUE
RKSI,AS_11,AS,R2_8_2,AS_11_1,10,,,,TRUE,TRUE,TRUE,TRUE,TRUE,TRUE
RKSI,AS_10,AS,AS_11_1,AS_10_1,10,,,,TRUE,TRUE,TRUE,TRUE,TRUE,TRUE
RKSI,AS_1,AS,AS_2_1,R4_24_1,10,,,,TRUE,TRUE,TRUE,TRUE,TRUE,TRUE
RKSI,AN_9,AN,AN_10_1,R21_1_1,10,,,,TRUE,TRUE,TRUE,TRUE,TRUE,TRUE
RKSI,AN_8,AN,R21_1_1,AN_8_1,10,,,,TRUE,TRUE,TRUE,TRUE,TRUE,TRUE
RKSI,AN_7,AN,AN_8_1,AN_7_1,10,,,,TRUE,TRUE,TRUE,TRUE,TRUE,TRUE
RKSI,AN_6,AN,AN_7_1,AN_6_1,10,,,,TRUE,TRUE,TRUE,TRUE,TRUE,TRUE
RKSI,AN_5,AN,AN_6_1,AN_5_1,10,,,,TRUE,TRUE,TRUE,TRUE,TRUE,TRUE
RKSI,AN_4,AN,AN_5_1,AN_4_1,10,,,,TRUE,TRUE,TRUE,TRUE,TRUE,TRUE
RKSI,AN_3,AN,AN_4_1,AN_3_1,10,,,,TRUE,TRUE,TRUE,TRUE,TRUE,TRUE
RKSI,AN_2,AN,AN_3_1,AN_2_1,10,,,,TRUE,TRUE,TRUE,TRUE,TRUE,TRUE
RKSI,AN_15,AN,R1_31_1,AN_15_1,10,,,,TRUE,TRUE,TRUE,TRUE,TRUE,TRUE
RKSI,AN_14,AN,AN_15_1,AN_14_1,10,,,,TRUE,TRUE,TRUE,TRUE,TRUE,TRUE
RKSI,AN_13,AN,AN_14_1,AN_13_1,10,,,,TRUE,TRUE,TRUE,TRUE,TRUE,TRUE
RKSI,AN_12,AN,AN_13_1,AN_12_1,10,,,,TRUE,TRUE,TRUE,TRUE,TRUE,TRUE
RKSI,AN_11,AN,AN_12_1,AN_11_1,10,,,,TRUE,TRUE,TRUE,TRUE,TRUE,TRUE
RKSI,AN_10,AN,AN_11_1,AN_10_1,10,,,,TRUE,TRUE,TRUE,TRUE,TRUE,TRUE
RKSI,AN_1,AN,AN_2_1,R4_27_1,10,,,,TRUE,TRUE,TRUE,TRUE,TRUE,TRUE
RKSI,A9_2,A9,B_13_1,A9_2_1,,,,,TRUE,TRUE,TRUE,TRUE,TRUE,TRUE
RKSI,A9_1,A9,A9_2_1,R9_2_2,,,,,TRUE,TRUE,TRUE,TRUE,TRUE,TRUE
RKSI,A8_2,A8,B2_1_1,A8_2_1,,,1,,TRUE,TRUE,TRUE,TRUE,TRUE,TRUE
RKSI,A8_1,A8,A8_2_1,R8_3_2,,,,,TRUE,TRUE,TRUE,TRUE,TRUE,TRUE
RKSI,A7_2,A7,B_7_1,A7_2_1,,,1,,TRUE,TRUE,TRUE,TRUE,TRUE,TRUE
RKSI,A7_1,A7,A7_2_1,R7_14_2,,,,,TRUE,TRUE,TRUE,TRUE,TRUE,TRUE
RKSI,A6_3,A6,B_6_1,A6_3_1,,,,,TRUE,TRUE,TRUE,TRUE,TRUE,TRUE
RKSI,A6_2,A6,A6_3_1,A6_2_1,,,,,TRUE,TRUE,TRUE,TRUE,TRUE,TRUE
RKSI,A6_1,A6,A6_2_1,R1_19_1,,,,,TRUE,TRUE,TRUE,TRUE,TRUE,TRUE
RKSI,A5_3,A5,B1_1_1,A5_3_1,,,,,TRUE,TRUE,TRUE,TRUE,TRUE,TRUE
RKSI,A5_2,A5,A5_3_1,A5_2_1,,,,,TRUE,TRUE,TRUE,TRUE,TRUE,TRUE
RKSI,A5_1,A5,A5_2_1,R1_12_1,,,,,TRUE,TRUE,TRUE,TRUE,TRUE,TRUE
RKSI,A4_3,A4,G_1_1,A4_3_1,,,,,TRUE,TRUE,TRUE,TRUE,TRUE,TRUE
RKSI,A4_2,A4,A4_3_1,A4_2_1,,,,,TRUE,TRUE,TRUE,TRUE,TRUE,TRUE
RKSI,A4_1,A4,A4_2_1,R1_10_1,10,,,,TRUE,TRUE,TRUE,TRUE,TRUE,TRUE
RKSI,A19_1,A19,L_1_1,A19_1_1,,,,,TRUE,TRUE,TRUE,TRUE,TRUE,TRUE
RKSI,A18_1,A18,B7_1_1,A18_1_1,,,,,TRUE,TRUE,TRUE,TRUE,TRUE,TRUE
RKSI,A16_1,A16,B_23_1,R16_9_2,,,,,TRUE,TRUE,TRUE,TRUE,TRUE,TRUE
RKSI,A15_2,A15,B6_1_2,A15_2_1,,,,,TRUE,TRUE,TRUE,TRUE,TRUE,TRUE
RKSI,A15_1,A15,A15_2_1,A15_1_1,,,,,TRUE,TRUE,TRUE,TRUE,TRUE,TRUE
RKSI,A14_2,A14,B_19_1,A14_2_1,,,,,TRUE,TRUE,TRUE,TRUE,TRUE,TRUE
RKSI,A14_1,A14,A14_2_1,A14_1_1,,,,,TRUE,TRUE,TRUE,TRUE,TRUE,TRUE
RKSI,A13_2,A13,B_18_1,A13_2_1,,,,,TRUE,TRUE,TRUE,TRUE,TRUE,TRUE
RKSI,A13_1,A13,A13_2_1,A13_1_1,,,,,TRUE,TRUE,TRUE,TRUE,TRUE,TRUE
RKSI,A12_2,A12,B_17_1,A12_2_1,,,,,TRUE,TRUE,TRUE,TRUE,TRUE,TRUE
RKSI,A12_1,A12,A12_2_1,R12_16_2,,,,,TRUE,TRUE,TRUE,TRUE,TRUE,TRUE
RKSI,A11_2,A11,B_15_1,A11_2_1,,,,,TRUE,TRUE,TRUE,TRUE,TRUE,TRUE
RKSI,A11_1,A11,A11_2_1,R11_19_2,,,,,TRUE,TRUE,TRUE,TRUE,TRUE,TRUE
RKSI,A10_2,A10,B_14_1,A10_2_1,,,,,TRUE,TRUE,TRUE,TRUE,TRUE,TRUE
RKSI,A10_1,A10,A10_2_1,R10_17_2,,,,,TRUE,TRUE,TRUE,TRUE,TRUE,TRUE
RKSI,A_9,A,A13_2_1,A14_2_1,,,,,TRUE,TRUE,TRUE,TRUE,TRUE,TRUE
RKSI,A_8,A,A12_2_1,A13_2_1,,,,,TRUE,TRUE,TRUE,TRUE,TRUE,TRUE
RKSI,A_7,A,A11_2_1,A12_2_1,,,,,TRUE,TRUE,TRUE,TRUE,TRUE,TRUE
RKSI,A_6,A,A10_2_1,A11_2_1,,,,,TRUE,TRUE,TRUE,TRUE,TRUE,TRUE
RKSI,A_5,A,A9_2_1,A10_2_1,,,,,TRUE,TRUE,TRUE,TRUE,TRUE,TRUE
RKSI,A_4,A,A8_2_1,A9_2_1,,,,,TRUE,TRUE,TRUE,TRUE,TRUE,TRUE
RKSI,A_3,A,A7_2_1,A8_2_1,,,,,TRUE,TRUE,TRUE,TRUE,TRUE,TRUE
RKSI,A_2,A,A6_3_1,A7_2_1,,,,,TRUE,TRUE,TRUE,TRUE,TRUE,TRUE
RKSI,A_17,A,R20_1_2,A_17_2,,,,,TRUE,TRUE,TRUE,TRUE,TRUE,TRUE
RKSI,A_16,A,A19_1_1,R20_1_2,,,,,TRUE,TRUE,TRUE,TRUE,TRUE,TRUE
RKSI,A_15,A,A18_1_1,A19_1_1,,,,,TRUE,TRUE,TRUE,TRUE,TRUE,TRUE
RKSI,A_14,A,A_14_1,A18_1_1,,,,,TRUE,TRUE,TRUE,TRUE,TRUE,TRUE
RKSI,A_13,A,R17_9_2,A_14_1,,,,,TRUE,TRUE,TRUE,TRUE,TRUE,TRUE
RKSI,A_12,A,R16_9_2,R17_9_2,,,,,TRUE,TRUE,TRUE,TRUE,TRUE,TRUE
RKSI,A_11,A,A15_2_1,R16_9_2,,,,,TRUE,TRUE,TRUE,TRUE,TRUE,TRUE
RKSI,A_10,A,A14_2_1,A15_2_1,,,,,TRUE,TRUE,TRUE,TRUE,TRUE,TRUE
RKSI,A_1,A,A4_3_1,A5_3_1,,,,,TRUE,TRUE,TRUE,TRUE,TRUE,TRUE
RKSI,9Y_2,9Y,9Y_2_2,9Y_2_1,,,,,TRUE,TRUE,TRUE,TRUE,TRUE,TRUE
RKSI,9Y_1,9Y,9Y_2_1,L_4_2,,,,,TRUE,TRUE,TRUE,TRUE,TRUE,TRUE
RKSI,9_1,9,R1_12_1,9_1_1,10,,,,TRUE,TRUE,TRUE,TRUE,TRUE,TRUE
RKSI,8Y_3,8Y,8Y_3_2,8Y_3_1,,,,,TRUE,TRUE,TRUE,TRUE,TRUE,TRUE
RKSI,8Y_2,8Y,8Y_3_1,D_13_1,,,,,TRUE,TRUE,TRUE,TRUE,TRUE,TRUE
RKSI,8Y_1,8Y,A_14_1,Unknown_2_1,,,,,TRUE,TRUE,TRUE,TRUE,TRUE,TRUE
RKSI,852_1,852,8Y_3_2,9Y_2_2,,,,,TRUE,TRUE,TRUE,TRUE,TRUE,TRUE
RKSI,851_1,851,8Y_3_1,9Y_2_1,,,,,TRUE,TRUE,TRUE,TRUE,TRUE,TRUE
RKSI,842_1,842,842_1_2,842_1_1,,,,,TRUE,TRUE,TRUE,TRUE,TRUE,TRUE
RKSI,841_1,841,841_1_2,841_1_1,,,,,TRUE,TRUE,TRUE,TRUE,TRUE,TRUE
RKSI,834_1,834,R6_7_1,N_6_1,,,,,TRUE,TRUE,TRUE,TRUE,TRUE,TRUE
RKSI,833_1,833,R6_6_1,N_5_1,,,,,TRUE,TRUE,TRUE,TRUE,TRUE,TRUE
RKSI,832_1,832,R6_5_1,N_4_1,,,,,TRUE,TRUE,TRUE,TRUE,TRUE,TRUE
RKSI,831_1,831,R6_3_1,N_2_1,,,,,TRUE,TRUE,TRUE,TRUE,TRUE,TRUE
RKSI,825_1,825,A5_2_1,A6_2_1,,,,,TRUE,TRUE,TRUE,TRUE,TRUE,TRUE
RKSI,824_1,824,A5_3_1,A6_3_1,,,,,TRUE,TRUE,TRUE,TRUE,TRUE,TRUE
RKSI,823_2,823,B_3_1,823_2_1,,,,,TRUE,TRUE,TRUE,TRUE,TRUE,TRUE
RKSI,823_1,823,823_2_1,R1_9_1,10,,,,TRUE,TRUE,TRUE,TRUE,TRUE,TRUE
RKSI,822_2,822,B_2_1,822_2_1,,,,,TRUE,TRUE,TRUE,TRUE,TRUE,TRUE
RKSI,822_1,822,822_2_1,R1_8_1,10,,,,TRUE,TRUE,TRUE,TRUE,TRUE,TRUE
RKSI,821_2,821,B_1_1,821_2_1,,,,,TRUE,TRUE,TRUE,TRUE,TRUE,TRUE
RKSI,821_1,821,821_2_1,R1_5_1,10,,,,TRUE,TRUE,TRUE,TRUE,TRUE,TRUE
RKSI,813_1,813,R16_2_1,R17_2_1,,,,,TRUE,TRUE,TRUE,TRUE,TRUE,TRUE
RKSI,812_1,812,R16_3_1,R17_3_1,,,,,TRUE,TRUE,TRUE,TRUE,TRUE,TRUE
RKSI,811_1,811,R16_3_2,R17_3_2,,,,,TRUE,TRUE,TRUE,TRUE,TRUE,TRUE
RKSI,805_1,805,R16_5_1,R17_5_1,,,,,TRUE,TRUE,TRUE,TRUE,TRUE,TRUE
RKSI,804_1,804,R16_6_1,R17_6_1,,,,,TRUE,TRUE,TRUE,TRUE,TRUE,TRUE
RKSI,803_1,803,R16_7_1,R17_7_1,,,,,TRUE,TRUE,TRUE,TRUE,TRUE,TRUE
RKSI,802_1,802,R16_8_1,R17_8_1,,,,,TRUE,TRUE,TRUE,TRUE,TRUE,TRUE
RKSI,801_1,801,R16_9_1,R17_9_1,,,,,TRUE,TRUE,TRUE,TRUE,TRUE,TRUE
RKSI,8_1,8,R1_11_1,8_1_1,10,,,,TRUE,TRUE,TRUE,TRUE,TRUE,TRUE
RKSI,711_1,711,Unknown_13_1,711_1_1,,,,,TRUE,TRUE,TRUE,TRUE,TRUE,TRUE
RKSI,710_1,710,Unknown_12_1,710_1_1,,,,,TRUE,TRUE,TRUE,TRUE,TRUE,TRUE
RKSI,709_1,709,Unknown_11_1,709_1_1,,,,,TRUE,TRUE,TRUE,TRUE,TRUE,TRUE
RKSI,708_1,708,Unknown_10_1,708_1_1,,,,,TRUE,TRUE,TRUE,TRUE,TRUE,TRUE
RKSI,707_1,707,Unknown_9_1,707_1_1,,,,,TRUE,TRUE,TRUE,TRUE,TRUE,TRUE
RKSI,706_1,706,Unknown_7_1,706_1_1,,,,,TRUE,TRUE,TRUE,TRUE,TRUE,TRUE
RKSI,705_1,705,Unknown_6_1,705_1_1,,,,,TRUE,TRUE,TRUE,TRUE,TRUE,TRUE
RKSI,704_1,704,Unknown_5_1,704_1_1,,,,,TRUE,TRUE,TRUE,TRUE,TRUE,TRUE
RKSI,703_1,703,Unknown_4_1,703_1_1,,,,,TRUE,TRUE,TRUE,TRUE,TRUE,TRUE
RKSI,702_1,702,Unknown_3_1,702_1_1,,,,,TRUE,TRUE,TRUE,TRUE,TRUE,TRUE
RKSI,701_2,701,Unknown_2_1,701_2_1,,,,,TRUE,TRUE,TRUE,TRUE,TRUE,TRUE
RKSI,701_1,701,701_2_1,701_1_1,,,,,TRUE,TRUE,TRUE,TRUE,TRUE,TRUE
RKSI,7_1,7,R1_9_1,7_1_1,10,,,,TRUE,TRUE,TRUE,TRUE,TRUE,TRUE
RKSI,6_1,6,R1_6_1,6_1_1,10,,,,TRUE,TRUE,TRUE,TRUE,TRUE,TRUE
RKSI,50_2,50,50_2_1,50_2_2,10,,,,TRUE,TRUE,TRUE,TRUE,TRUE,TRUE
RKSI,50_1,50,50_2_1,R4_6_2,10,,,,TRUE,TRUE,TRUE,TRUE,TRUE,TRUE
RKSI,49_1,49,49_1_2,R4_7_1,10,,,,TRUE,TRUE,TRUE,TRUE,TRUE,TRUE
RKSI,48_1,48,48_1_2,R4_8_1,10,,,,TRUE,TRUE,TRUE,TRUE,TRUE,TRUE
RKSI,47_1,47,47_1_2,R4_10_1,10,,,,TRUE,TRUE,TRUE,TRUE,TRUE,TRUE
RKSI,46_1,46,46_1_1,R4_12_1,10,,,,TRUE,TRUE,TRUE,TRUE,TRUE,TRUE
RKSI,45_1,45,45_1_1,R4_13_1,10,,,,TRUE,TRUE,TRUE,TRUE,TRUE,TRUE
RKSI,43_1,43,43_1_1,R4_14_1,10,,,,TRUE,TRUE,TRUE,TRUE,TRUE,TRUE
RKSI,42_2,42,42_2_1,42_2_2,10,,,,TRUE,TRUE,TRUE,TRUE,TRUE,TRUE
RKSI,42_1,42,42_2_2,R4_15_1,10,,,,TRUE,TRUE,TRUE,TRUE,TRUE,TRUE
RKSI,41_1,41,41_1_2,R4_16_1,10,,,,TRUE,TRUE,TRUE,TRUE,TRUE,TRUE
RKSI,40_1,40,40_1_2,R4_17_1,10,,,,TRUE,TRUE,TRUE,TRUE,TRUE,TRUE
RKSI,39_1,39,39_1_2,R4_18_1,10,,,,TRUE,TRUE,TRUE,TRUE,TRUE,TRUE
RKSI,38_1,38,38_1_2,R4_19_1,10,,,,TRUE,TRUE,TRUE,TRUE,TRUE,TRUE
RKSI,37_1,37,37_1_1,R4_20_1,10,,,,TRUE,TRUE,TRUE,TRUE,TRUE,TRUE
RKSI,36_1,36,36_1_1,R7_2_1,10,,,,TRUE,TRUE,TRUE,TRUE,TRUE,TRUE
RKSI,35_1,35,35_1_1,R7_7_1,10,,,,TRUE,TRUE,TRUE,TRUE,TRUE,TRUE
RKSI,34_1,34,34_1_1,R7_8_1,10,,,,TRUE,TRUE,TRUE,TRUE,TRUE,TRUE
RKSI,33_1,33,R3_6_1,33_1_1,10,,,,TRUE,TRUE,TRUE,TRUE,TRUE,TRUE
RKSI,32_1,32,R3_5_1,32_1_1,10,,,,TRUE,TRUE,TRUE,TRUE,TRUE,TRUE
RKSI,315_1,315,R4_32_2,315_1_2,10,,,,TRUE,TRUE,TRUE,TRUE,TRUE,TRUE
RKSI,314_1,314,R12_2_1,314_1_2,10,,,,TRUE,TRUE,TRUE,TRUE,TRUE,TRUE
RKSI,313_1,313,R12_3_1,313_1_2,10,,,,TRUE,TRUE,TRUE,TRUE,TRUE,TRUE
RKSI,312_1,312,R12_4_1,312_1_2,10,,,,TRUE,TRUE,TRUE,TRUE,TRUE,TRUE
RKSI,311_1,311,R12_5_1,311_1_2,10,,,,TRUE,TRUE,TRUE,TRUE,TRUE,TRUE
RKSI,31_1,31,R3_4_1,31_1_1,10,,,,TRUE,TRUE,TRUE,TRUE,TRUE,TRUE
RKSI,305_1,305,R12_11_1,305_1_2,10,,,,TRUE,TRUE,TRUE,TRUE,TRUE,TRUE
RKSI,304_1,304,R12_12_1,304_1_2,10,,,,TRUE,TRUE,TRUE,TRUE,TRUE,TRUE
RKSI,303_1,303,R12_13_1,303_1_2,10,,,,TRUE,TRUE,TRUE,TRUE,TRUE,TRUE
RKSI,302_1,302,R12_14_1,302_1_2,10,,,,TRUE,TRUE,TRUE,TRUE,TRUE,TRUE
RKSI,301_1,301,R12_15_1,301_1_2,10,,,,TRUE,TRUE,TRUE,TRUE,TRUE,TRUE
RKSI,300_1,300,R12_16_1,300_1_2,10,,,,TRUE,TRUE,TRUE,TRUE,TRUE,TRUE
RKSI,30_2,30,30_2_1,R3_2_1,10,,,,TRUE,TRUE,TRUE,TRUE,TRUE,TRUE
RKSI,30_1,30,30_2_1,30_1_1,10,,,,TRUE,TRUE,TRUE,TRUE,TRUE,TRUE
RKSI,3_1,3,R1_4_1,3_1_2,10,,,,TRUE,TRUE,TRUE,TRUE,TRUE,TRUE
RKSI,2Y_2,2Y,841_1_2,842_1_2,,,,,TRUE,TRUE,TRUE,TRUE,TRUE,TRUE
RKSI,2Y_1,2Y,D_2_1,841_1_2,,,,,TRUE,TRUE,TRUE,TRUE,TRUE,TRUE
RKSI,2W_1,2W,R4_12_1,R6_9_1,10,,,,TRUE,TRUE,TRUE,TRUE,TRUE,TRUE
RKSI,28_2,28,R3_3_1,28_2_1,10,,,,TRUE,TRUE,TRUE,TRUE,TRUE,TRUE
RKSI,28_1,28,28_1_1,28_2_1,10,,,,TRUE,TRUE,TRUE,TRUE,TRUE,TRUE
RKSI,27_1,27,27_1_1,R3_2_2,10,,,,TRUE,TRUE,TRUE,TRUE,TRUE,TRUE
RKSI,26_2,26,26_2_1,R2_3_1,10,,,,TRUE,TRUE,TRUE,TRUE,TRUE,TRUE
RKSI,26_1,26,26_1_1,26_2_1,10,,,,TRUE,TRUE,TRUE,TRUE,TRUE,TRUE
RKSI,24_2,24,24_2_2,24_2_1,10,,,,TRUE,TRUE,TRUE,TRUE,TRUE,TRUE
RKSI,24_1,24,24_2_1,R2_2_1,10,,,,TRUE,TRUE,TRUE,TRUE,TRUE,TRUE
RKSI,234_1,234,234_1_1,R11_4_1,10,,,,TRUE,TRUE,TRUE,TRUE,TRUE,TRUE
RKSI,233_1,233,233_1_1,R11_5_1,10,,,,TRUE,TRUE,TRUE,TRUE,TRUE,TRUE
RKSI,232_1,232,232_1_1,R11_6_1,10,,,,TRUE,TRUE,TRUE,TRUE,TRUE,TRUE
RKSI,231_1,231,231_1_1,R11_7_1,10,,,,TRUE,TRUE,TRUE,TRUE,TRUE,TRUE
RKSI,230_1,230,230_1_1,R11_8_1,10,,,,TRUE,TRUE,TRUE,TRUE,TRUE,TRUE
RKSI,23_1,23,23_1_2,R2_4_1,10,,,,TRUE,TRUE,TRUE,TRUE,TRUE,TRUE
RKSI,229_1,229,229_1_1,R11_9_1,10,,,,TRUE,TRUE,TRUE,TRUE,TRUE,TRUE
RKSI,228_1,228,228_1_1,R11_10_1,10,,,,TRUE,TRUE,TRUE,TRUE,TRUE,TRUE
RKSI,227_1,227,227_1_1,R22_2_1,10,,,,TRUE,TRUE,TRUE,TRUE,TRUE,TRUE
RKSI,226_1,226,226_1_1,R11_13_1,10,,,,TRUE,TRUE,TRUE,TRUE,TRUE,TRUE
RKSI,225_1,225,225_1_1,R11_14_1,10,,,,TRUE,TRUE,TRUE,TRUE,TRUE,TRUE
RKSI,224_1,224,224_1_1,R11_15_1,10,,,,TRUE,TRUE,TRUE,TRUE,TRUE,TRUE
RKSI,223_1,223,223_1_1,R11_16_1,10,,,,TRUE,TRUE,TRUE,TRUE,TRUE,TRUE
RKSI,222_1,222,222_1_1,R11_17_1,10,,,,TRUE,TRUE,TRUE,TRUE,TRUE,TRUE
RKSI,221_1,221,221_1_1,R11_18_1,10,,,,TRUE,TRUE,TRUE,TRUE,TRUE,TRUE
RKSI,22_1,22,22_1_2,R2_5_1,10,,,,TRUE,TRUE,TRUE,TRUE,TRUE,TRUE
RKSI,215_1,215,R10_2_1,215_1_2,10,,,,TRUE,TRUE,TRUE,TRUE,TRUE,TRUE
RKSI,214_1,214,R10_3_1,214_1_2,10,,,,TRUE,TRUE,TRUE,TRUE,TRUE,TRUE
RKSI,213_1,213,R10_4_1,213_1_2,10,,,,TRUE,TRUE,TRUE,TRUE,TRUE,TRUE
RKSI,212_1,212,R10_5_1,212_1_2,10,,,,TRUE,TRUE,TRUE,TRUE,TRUE,TRUE
RKSI,211_1,211,R10_6_1,211_1_2,10,,,,TRUE,TRUE,TRUE,TRUE,TRUE,TRUE
RKSI,210_1,210,R10_7_1,210_1_2,10,,,,TRUE,TRUE,TRUE,TRUE,TRUE,TRUE
RKSI,21_1,21,21_1_1,R2_6_1,10,,,,TRUE,TRUE,TRUE,TRUE,TRUE,TRUE
RKSI,209_1,209,R10_8_1,209_1_2,10,,,,TRUE,TRUE,TRUE,TRUE,TRUE,TRUE
RKSI,208_1,208,R21_2_2,208_1_2,10,,,,TRUE,TRUE,TRUE,TRUE,TRUE,TRUE
RKSI,207_1,207,R10_10_1,207_1_2,10,,,,TRUE,TRUE,TRUE,TRUE,TRUE,TRUE
RKSI,206_1,206,R10_11_1,206_1_2,10,,,,TRUE,TRUE,TRUE,TRUE,TRUE,TRUE
RKSI,205_1,205,R10_12_1,205_1_2,10,,,,TRUE,TRUE,TRUE,TRUE,TRUE,TRUE
RKSI,204_1,204,R10_13_1,204_1_2,10,,,,TRUE,TRUE,TRUE,TRUE,TRUE,TRUE
RKSI,203_1,203,R10_14_1,203_1_2,10,,,,TRUE,TRUE,TRUE,TRUE,TRUE,TRUE
RKSI,202_1,202,R10_15_1,202_1_2,10,,,,TRUE,TRUE,TRUE,TRUE,TRUE,TRUE
RKSI,201_1,201,R10_16_1,201_1_2,10,,,,TRUE,TRUE,TRUE,TRUE,TRUE,TRUE
RKSI,20_1,20,20_1_1,R7_11_1,10,,,,TRUE,TRUE,TRUE,TRUE,TRUE,TRUE
RKSI,2_1,2,R1_1_1,2_1_2,10,,,,TRUE,TRUE,TRUE,TRUE,TRUE,TRUE
RKSI,1Y_2,1Y,841_1_1,842_1_1,,,,,TRUE,TRUE,TRUE,TRUE,TRUE,TRUE
RKSI,1Y_1,1Y,D_1_1,841_1_1,,,,,TRUE,TRUE,TRUE,TRUE,TRUE,TRUE
RKSI,1W_1,1W,R4_11_1,R6_8_1,10,,,,TRUE,TRUE,TRUE,TRUE,TRUE,TRUE
RKSI,19_1,19,19_1_1,R7_12_1,10,,,,TRUE,TRUE,TRUE,TRUE,TRUE,TRUE
RKSI,18_1,18,R7_14_1,18_1_1,10,,,,TRUE,TRUE,TRUE,TRUE,TRUE,TRUE
RKSI,17_1,17,R1_22_1,17_1_1,10,,,,TRUE,TRUE,TRUE,TRUE,TRUE,TRUE
RKSI,16_1,16,R1_20_1,16_1_1,10,,,,TRUE,TRUE,TRUE,TRUE,TRUE,TRUE
RKSI,15_1,15,R1_18_1,15_1_1,10,,,,TRUE,TRUE,TRUE,TRUE,TRUE,TRUE
RKSI,14_1,14,R1_17_1,14_1_1,10,,,,TRUE,TRUE,TRUE,TRUE,TRUE,TRUE
RKSI,132_1,132,132_1_2,R4_26_1,10,,,,TRUE,TRUE,TRUE,TRUE,TRUE,TRUE
RKSI,131_1,131,131_1_2,R4_24_1,10,,,,TRUE,TRUE,TRUE,TRUE,TRUE,TRUE
RKSI,130_1,130,130_1_1,AN_2_1,10,,,,TRUE,TRUE,TRUE,TRUE,TRUE,TRUE
RKSI,129_1,129,AS_3_1,129_1_2,10,,,,TRUE,TRUE,TRUE,TRUE,TRUE,TRUE
RKSI,128_1,128,128_1_1,AN_4_1,10,,,,TRUE,TRUE,TRUE,TRUE,TRUE,TRUE
RKSI,127_1,127,AS_4_1,127_1_2,10,,,,TRUE,TRUE,TRUE,TRUE,TRUE,TRUE
RKSI,126_1,126,126_1_1,AN_5_1,10,,,,TRUE,TRUE,TRUE,TRUE,TRUE,TRUE
RKSI,125_1,125,AS_5_1,125_1_2,10,,,,TRUE,TRUE,TRUE,TRUE,TRUE,TRUE
RKSI,124_1,124,124_1_1,AN_6_1,10,,,,TRUE,TRUE,TRUE,TRUE,TRUE,TRUE
RKSI,123_1,123,AS_6_1,123_1_2,10,,,,TRUE,TRUE,TRUE,TRUE,TRUE,TRUE
RKSI,122_1,122,122_1_1,AN_7_1,10,,,,TRUE,TRUE,TRUE,TRUE,TRUE,TRUE
RKSI,121_1,121,AS_8_1,121_1_2,10,,,,TRUE,TRUE,TRUE,TRUE,TRUE,TRUE
RKSI,12_1,12,R1_15_1,12_1_1,10,,,,TRUE,TRUE,TRUE,TRUE,TRUE,TRUE
RKSI,119_1,119,AS_9_1,119_1_2,10,,,,TRUE,TRUE,TRUE,TRUE,TRUE,TRUE
RKSI,118_1,118,118_1_1,AN_8_1,10,,,,TRUE,TRUE,TRUE,TRUE,TRUE,TRUE
RKSI,117_1,117,AS_10_1,117_1_2,10,,,,TRUE,TRUE,TRUE,TRUE,TRUE,TRUE
RKSI,115_1,115,AS_11_1,115_1_2,10,,,,TRUE,TRUE,TRUE,TRUE,TRUE,TRUE
RKSI,114_1,114,114_1_1,AN_10_1,10,,,,TRUE,TRUE,TRUE,TRUE,TRUE,TRUE
RKSI,113_1,113,AS_13_1,113_1_2,10,,,,TRUE,TRUE,TRUE,TRUE,TRUE,TRUE
RKSI,112_1,112,112_1_1,AN_11_1,10,,,,TRUE,TRUE,TRUE,TRUE,TRUE,TRUE
RKSI,111_1,111,AS_14_1,111_1_2,10,,,,TRUE,TRUE,TRUE,TRUE,TRUE,TRUE
RKSI,110_1,110,110_1_1,AN_12_1,10,,,,TRUE,TRUE,TRUE,TRUE,TRUE,TRUE
RKSI,11_1,11,R1_14_1,11_1_1,10,,,,TRUE,TRUE,TRUE,TRUE,TRUE,TRUE
RKSI,109_1,109,AS_15_1,109_1_2,10,,,,TRUE,TRUE,TRUE,TRUE,TRUE,TRUE
RKSI,108_1,108,108_1_1,AN_13_1,10,,,,TRUE,TRUE,TRUE,TRUE,TRUE,TRUE
RKSI,107_1,107,AS_16_1,107_1_2,10,,,,TRUE,TRUE,TRUE,TRUE,TRUE,TRUE
RKSI,106_1,106,106_1_1,AN_14_1,10,,,,TRUE,TRUE,TRUE,TRUE,TRUE,TRUE
RKSI,105_1,105,AS_17_1,105_1_2,10,,,,TRUE,TRUE,TRUE,TRUE,TRUE,TRUE
RKSI,104_1,104,104_1_1,AN_15_1,10,,,,TRUE,TRUE,TRUE,TRUE,TRUE,TRUE
RKSI,103_1,103,AS_18_1,103_1_2,10,,,,TRUE,TRUE,TRUE,TRUE,TRUE,TRUE
RKSI,102_1,102,R1_30_1,102_1_1,10,,,,TRUE,TRUE,TRUE,TRUE,TRUE,TRUE
RKSI,101_1,101,R1_29_1,101_1_1,10,,,,TRUE,TRUE,TRUE,TRUE,TRUE,TRUE
RKSI,10_1,10,R1_13_1,10_1_1,10,,,,TRUE,TRUE,TRUE,TRUE,TRUE,TRUE
RKSI,1_1,1,R1_1_1,1_1_2,10,,,,TRUE,TRUE,TRUE,TRUE,TRUE,TRUE
